1	fix	我的手機忘在你的車上了。	I left my phone in your car.
3	fix	她每天騎腳踏車上學。	She rides her bike to school every day.
8	fix	這把傘是誰的？已經放在門口好幾天了。	Whose umbrella is this? It's been sitting by the door for days.
11	fix	這條路較近，走路十分鐘就到。	This road is shorter; it's only a ten-minute walk.
35	fix	公司今天宣布了一項重大決定。	The company announced a major decision today.
37	fix	公共場所禁止吸菸。	Smoking is banned in public places.
41	fix	他一副很累的樣子。	He looks really worn out.
49	fix	這份工作的性質比較特別。	This job is rather unusual in nature.
73	fix	颱風來之前，漁船都回港避風了。	Before the typhoon arrived, the fishing boats all returned to port for shelter.
75	fix	吃點巧克力補充一下能量吧。	Have some chocolate to get a bit of energy back.
81	fix	少吃加工食品比較健康。	Eating less processed food is healthier.
83	fix	我們是一起打球的好夥伴。	We're good buddies who play ball together.
89	fix	這款手遊在台灣有很多玩家。	This mobile game has lots of players in Taiwan.
92	fix	搬家後記得聯絡台電和自來水公司，更新帳單地址。	After moving, remember to contact Taipower and the water company to update your billing address.
94	fix	這條小溪很窄，一步就能跨過去。	This stream is so narrow you can step across it in one stride.
95	fix	電信業者推出了新的上網吃到飽方案。	Telecom carriers launched a new unlimited data plan.
97	fix	老闆，這個價太貴了啦。	Boss, this price is too high.
98	fix	你開個價吧，合理的話我今天就買。	Name your price. If it's reasonable, I'll buy it today.
103	fix	他向警察敘述事情的經過。	He described to the police what had happened.
105	fix	這個習俗源自福建。	This custom originated in Fujian.
106	fix	很多台灣地名源自原住民語，像是「北投」。	Many Taiwanese place names come from indigenous languages, such as "Beitou."
107	fix	阿公在三合院前曬穀。	Grandpa is drying grain in front of the courtyard house.
108	fix	以前收成後，大家都在廟口的廣場曬穀。	In the old days, after the harvest everyone dried grain on the square in front of the temple.
111	fix	他已經在崩潰的邊緣了。	He's already on the verge of a breakdown.
115	fix	這條皮帶勒得我好難受。	This belt is digging into me so uncomfortably.
116	fix	繩子綁得太緊，在他手腕上勒出一道紅痕。	The rope was tied so tight it left a red mark on his wrist.
117	fix	會員人數已增至五百人。	Membership has grown to five hundred.
118	fix	今年報名人數比去年增了一倍，主辦單位只好加開場次。	Registrations doubled from last year, so the organizers had to add more sessions.
123	fix	這張椅子是木的還是塑膠的？	Is this chair wooden or plastic?
125	fix	吃藥可以減輕疼痛。	Taking medicine can ease the pain.
129	fix	他們兩個根本不是同一個級別的選手。	Those two players aren't even at the same level.
133	fix	他退休後回老家務農。	After retiring, he went back to his hometown to farm.
134	fix	台灣過去以農為主，現在則以工業和服務業為主。	Taiwan used to rely mainly on agriculture; now industry and services dominate.
139	fix	我們在這件事上意見有分歧。	We disagree on this matter.
141	fix	請問您的國籍是？	May I ask your nationality?
147	fix	阿伯正在幫果樹施肥。	The old man is fertilizing the fruit trees.
148	fix	居民不斷向市政府施壓，要求這條路盡快完工。	Residents kept pressuring the city government to finish the road quickly.
156	fix	每個人對健康的認知不同，有人重視飲食，有人重視運動。	Everyone understands health differently: some focus on diet, others on exercise.
160	fix	論廚藝，我遠遠不及我媽，她隨便炒個菜都很好吃。	When it comes to cooking, I'm nowhere near my mom; anything she whips up tastes great.
163	dropword	Taiwan standard form is 動盪; 動蕩 is a variant
169	fix	過年前，廟口張燈結彩。	Before New Year, the temple square is hung with lanterns and streamers.
170	fix	她的表演博得滿堂彩，觀眾起立鼓掌了好久。	Her performance brought the house down, and the audience gave her a long standing ovation.
171	fix	一陣風掀起了她的裙襬。	A gust of wind lifted the hem of her skirt.
185	fix	機車載三個人是違規的。	Carrying three people on a scooter is against the rules.
187	fix	隔壁又在裝潢，吵死了。	The neighbors are renovating again. It's so noisy.
209	fix	真糟，我忘了帶鑰匙！	Oh no, I forgot my keys!
210	fix	今天運氣真糟，公車在我面前開走，接著又下起大雨。	Terrible luck today: the bus pulled away right in front of me, and then it started pouring.
217	fix	這間補習班的學生大多是高中生。	Most of the students at this cram school are high schoolers.
220	fix	主廚特別準備了這道甜點，請大家趁熱享用。	The chef specially prepared this dessert. Please enjoy it while it's warm.
225	fix	我們班導師姓呂。	Our homeroom teacher's surname is Lü.
232	fix	演習時，戰車一輛接一輛開過大街。	During the military drill, tanks rolled down the main street one after another.
238	fix	這批蔬菜已經送檢了。	This batch of vegetables has been sent for testing.
239	fix	衛生局到夜市抽檢食品，有三家店的冰塊不合格。	The health department spot-checked food at the night market, and the ice at three stalls failed.
243	fix	這泡高山茶入口很甘，喝完還會回甘。	This high-mountain tea tastes sweet and leaves a lingering sweet aftertaste.
244	fix	對上班族來說，這真是一大福音。	For office workers, this is a real godsend.
246	fix	縱然再困難，我也不會放棄。	However hard it gets, I won't give up.
250	fix	台灣有很多夜市，譬如士林夜市。	Taiwan has lots of night markets, for example Shilin Night Market.
256	fix	他最近鴻運當頭，連抽獎都中了頭獎。	He's on a lucky streak lately; he even won first prize in a raffle.
278	fix	我正要出門，你就打來了。	I was just about to go out when you called.
279	fix	牆上的畫好像掛歪了，你幫我看一下這樣正不正。	The painting on the wall looks crooked. Can you check whether it's straight now?
286	fix	騎車沒戴安全帽，依法要罰款。	Riding without a helmet is punishable by a fine under the law.
287	fix	法是死的，人是活的，總會有辦法解決的。	Rules are rigid but people aren't; there's always a way to work it out.
303	fix	我剛剛才吃飽，現在什麼都吃不下。	I just ate, so I can't eat anything right now.
305	fix	冷氣開二十六度就夠了，不要開太低。	Setting the AC to twenty-six degrees is enough; don't set it too low.
306	fix	我們要在香港轉機去歐洲。	We're changing planes in Hong Kong on the way to Europe.
307	fix	機不可失，這種特價一年只有一次。	Don't miss the chance. A sale like this only comes once a year.
322	fix	這間咖啡店的客人大多是大學生。	Most of this café's customers are university students.
328	fix	這件牛仔褲洗了會掉色。	These jeans will lose their color in the wash.
329	fix	這款手機有黑、白、藍三色可以選，我最喜歡藍色。	This phone comes in three colors, black, white and blue, and I like the blue best.
354	fix	這對皇家夫婦的婚禮在全球直播。	The royal couple's wedding was broadcast live around the world.
375	fix	他的人生一度跌到谷底，靠著家人的支持才走出來。	His life once hit rock bottom, and he only pulled through with his family's support.
380	fix	很多名人都來這家店吃過牛肉麵。	Lots of celebrities have eaten beef noodles at this shop.
400	dropword	Mainland-only: refers to Chinese Communist Party committees, not used in Taiwan
418	fix	朋友生日那天，我們偷偷訂了一個水果蛋糕給她驚喜。	On our friend's birthday, we secretly ordered a fruit cake to surprise her.
419	fix	現在後悔已經太遲了。	It's too late for regrets now.
420	fix	我遲了一步，最後一個便當已經被買走了。	I was a step too late. The last bento had already been sold.
423	dropword	Mainland form; Taiwan writes 藉口
435	fix	山頂上插著一面小旗。	A small flag is planted on the summit.
436	fix	導遊手上拿著一支小旗，帶著旅行團穿過人群。	The tour guide held up a small flag and led the group through the crowd.
437	fix	他是歷任局長中最年輕的一位。	He's the youngest director the bureau has ever had.
447	fix	合歡山今年迎來了第一場雪。	Hehuanshan saw its first snow of the year.
448	fix	這家小店上了電視之後，終於迎來一波排隊人潮。	After this little shop appeared on TV, it finally drew a wave of people lining up.
457	fix	美國國務卿今天抵達東京訪問。	The U.S. Secretary of State arrived in Tokyo today for a visit.
470	fix	我買了一箱礦泉水。	I bought a case of bottled water.
471	fix	颱風來前，大家去超市搶購泡麵，一箱一箱地搬回家。	Before the typhoon, everyone rushed to the supermarket for instant noodles, hauling them home case by case.
476	fix	這個鍋子是銅做的，導熱很快。	This pot is made of copper, so it heats up quickly.
480	fix	他把所有的鑰匙串在一起。	He strung all his keys together.
484	fix	這部片的票房刷新了國片紀錄。	This film's box office broke the record for Taiwanese films.
508	fix	每件商品都有自己的編碼。	Every product has its own code.
512	fix	他為什麼突然離職，到現在還是個謎。	Why he suddenly quit is still a mystery.
518	dropword	Not a Taiwan word: "face" is 面子 and ground powder is 粉
551	fix	他的工作能力很強。	He's very capable at work.
552	fix	颱風帶來強風豪雨，學校宣布停課一天。	The typhoon brought strong winds and heavy rain, so schools announced a day off.
557	fix	好呀，那我們週末見！	Sure, see you this weekend!
560	fix	這張桌子沒放水平，東西一直往旁邊滑。	This table isn't level, so things keep sliding to one side.
561	fix	部長親自到災區視察。	The minister personally inspected the disaster area.
567	fix	他總是第一個買最新的手機。	He's always the first to buy the newest phone.
585	fix	這座橋已經有一百年的歷史了。	This bridge is already a hundred years old.
587	fix	他一聽到要放假就樂了。	He lit up as soon as he heard about the day off.
591	fix	這個縣的財政很困難。	This county's finances are in bad shape.
595	fix	我跟同事約好下班去吃火鍋。	I made plans with a coworker to have hot pot after work.
599	fix	凡事欲速則不達，還是慢慢來比較穩。	Haste makes waste, so it's steadier to take it slowly.
600	fix	天色暗下來，看起來大雨欲來，我們趕快回家吧。	The sky is darkening and rain looks about to pour, so let's hurry home.
601	fix	他立在門口等了很久，朋友才終於出現。	He stood at the door for a long time before his friend finally showed up.
602	fix	路口立了一塊牌子，提醒大家減速慢行。	A sign was put up at the intersection reminding everyone to slow down.
603	fix	請問這間店的負責人在嗎？我想談合作。	Excuse me, is the person in charge of this shop in? I'd like to discuss a collaboration.
611	fix	納粹對猶太人進行了大規模的屠殺。	The Nazis carried out a large-scale massacre of Jews.
615	fix	請把名片正面朝上，雙手遞給對方。	Please hand your business card over with both hands, front side up.
619	fix	請把你的電話號碼寫在這張表格上。	Please write your phone number on this form.
631	fix	村民每天清晨都會到廟口的榕樹下聊天。	Every morning the villagers chat under the banyan tree in front of the temple.
635	fix	清朝時期，鹿港曾是非常繁榮的港口。	During the Qing dynasty, Lukang was a very prosperous port.
637	dropword	Mainland form; Taiwan writes 帳號
639	fix	他每天騎腳踏車去上學。	He rides his bicycle to school every day.
640	fix	週末我們全家一起騎腳踏車到河濱公園，玩得很開心。	On the weekend our whole family cycled to the riverside park and had a great time.
641	fix	他為了還債務，下班後還得去打工。	To pay off his debts, he has to do a part-time job after work.
655	fix	我近視很深，沒戴眼鏡就看不清楚黑板。	My eyesight is very poor, and without glasses I can't see the blackboard clearly.
659	fix	畢業後，學校會把畢業證書寄到家裡。	After graduation, the school will mail the diploma to your home.
663	dropword	Bound character that only occurs in compounds such as 鬍子/鬍鬚; not a free word
667	fix	他想用這個笑話博大家一笑。	He wanted to get everyone to laugh with this joke.
668	fix	這部電影博得許多觀眾的好評。	This film won praise from many viewers.
670	fix	消防大隊接獲通報後，十分鐘內就趕到現場。	The fire brigade arrived at the scene within ten minutes of getting the call.
671	fix	從高鐵車窗往外看，西部平原一片綠油油。	Looking out the high-speed rail window, the western plain is a sea of green.
675	fix	這棟房子的鋼筋框架已經完成，接著要砌牆。	The steel frame of this house is finished, and next the walls will be built.
679	fix	他窮得連下個月的房租都付不出來。	He's so poor he can't even pay next month's rent.
683	fix	外套被雨淋透了，他一回到家就趕快換衣服。	His jacket was drenched through, so he changed clothes as soon as he got home.
693	fix	她外表很文靜，沒想到唱起歌來很有爆發力。	She looks quiet, but surprisingly her singing is full of power.
695	fix	遠處傳來尖銳的煞車聲，大家都嚇了一跳。	A shrill screech of brakes came from afar and everyone was startled.
699	fix	你可以自由支配這筆獎金，想買什麼都行。	You can spend this bonus however you like.
705	fix	這場手術關係到病人的生死，醫生不敢大意。	This operation is a matter of the patient's life or death, so the doctor dares not be careless.
711	dropword	Mainland usage; Taiwan says 發揮/產生 作用 instead of 起到
717	fix	他太專心看書，以至於忘了吃午餐。	He was so absorbed in his book that he forgot to eat lunch.
719	fix	他騎車騎太快，結果在路口出事了。	He rode too fast and ended up in an accident at the intersection.
721	fix	老虎和獅子都是同類的大型貓科動物。	Tigers and lions are both large animals of the cat family.
729	fix	這學期的教科書很貴，我打算買二手的。	This semester's textbooks are expensive, so I plan to buy them second-hand.
733	fix	瓦斯爐的火力調小一點，湯才不會滾出來。	Turn down the gas stove's heat so the soup doesn't boil over.
735	fix	沒戴眼鏡，我連黑板上的字都看不見。	Without my glasses I can't even see the writing on the blackboard.
743	fix	這家店賣的東西很雜，什麼都有一點。	This shop sells a real mix of things, a bit of everything.
744	fix	市場裡人多聲音雜，我幾乎聽不到你在說什麼。	The market is crowded and noisy, so I can hardly hear what you're saying.
755	fix	動物園的大象每天要吃上百公斤的草。	The elephants at the zoo eat over a hundred kilograms of grass every day.
759	dropword	Mainland word; Taiwan says 電影院
761	fix	他靠著一技之長，在新的城市找到了工作。	He found a job in the new city thanks to his one special skill.
762	fix	多學一技，將來找工作就多一條路。	Learn one more skill and you'll have one more path when job hunting.
763	dropword	Mainland term; Taiwan says 作業系統
773	fix	跳水是一項需要高度專注的競技運動。	Diving is a competitive sport that demands intense concentration.
777	fix	請你把事情的經過清楚表述一遍。	Please state clearly how the matter unfolded.
781	fix	日本是台灣的鄰國，坐飛機三小時就到了。	Japan is Taiwan's neighbour, and it takes only three hours to fly there.
787	fix	我明天要考試，今晚得念書到很晚。	I have an exam tomorrow, so I have to study late tonight.
791	fix	我們去夜市逛逛吧，順便吃晚餐。	Let's stroll around the night market and have dinner while we're there.
793	fix	你先在這裡候一下，我去請經理過來。	Wait here a moment while I go ask the manager to come over.
794	fix	他早早就到月台候著，沒想到火車誤點了。	He waited on the platform early, only to find the train was delayed.
795	fix	電影中的主角是一位溫柔的老師。	The lead in the film is a gentle teacher.
796	fix	這些照片中，我最喜歡第三張。	Of all these photos, I like the third one best.
799	fix	這個字怎麼念？	How do you pronounce this character?
800	fix	你怎麼這麼晚才回來？我們都擔心死了。	Why did you come back so late? We were all worried sick.
803	fix	這次考試失敗的主要原因是我準備得不夠。	The main reason I failed this exam is that I didn't prepare enough.
807	fix	你是哪一國人？	What country are you from?
808	fix	我們學校有來自十幾個國家的學生，大家相處得很好。	Our school has students from over ten countries, and everyone gets along well.
809	fix	你們那一國的人都這麼愛吃辣嗎？	Do all you folks love spicy food this much?
816	fix	冬天皮膚很乾，所以我都會擦乳液。	My skin gets very dry in winter, so I always put on lotion.
817	fix	你喜歡哪一種顏色？	Which kind of color do you like?
818	fix	這家店賣好幾種口味的鳳梨酥，我每種都想試試。	This shop sells several flavors of pineapple cake, and I want to try every one.
820	fix	我媽告訴我，不管再忙，每天都要好好吃早餐。	My mom told me that no matter how busy I am, I should have a proper breakfast every day.
822	fix	經過一番討論，大家決定把旅行日期改到下個月。	After some discussion, everyone decided to move the trip to next month.
824	fix	同樣的錯誤不要再犯第二次，這次一定要小心。	Don't make the same mistake twice. Be careful this time.
826	fix	這篇報告的結構不太清楚，建議你重新整理一下段落。	The structure of this report isn't very clear. I suggest reorganizing the paragraphs.
829	fix	下過雨之後，山路變得更加難走。	After the rain, the mountain road became even harder to walk.
830	fix	有了朋友的鼓勵，她對未來更加有信心。	With her friends' encouragement, she became even more confident about the future.
832	fix	老師肯定了我的努力，還在全班面前稱讚我。	The teacher recognized my effort and even praised me in front of the class.
833	fix	每個人都有受教育的權利，這是基本人權。	Everyone has the right to an education; it is a basic human right.
834	fix	這個團體長期關心人權議題，也經常舉辦座談會。	This group has long cared about human rights issues and often holds seminars.
836	fix	這個班的平均分數是八十分，大家表現得不錯。	The class average is eighty points, and everyone did fairly well.
837	fix	這樣算便宜嗎？	Does this count as cheap?
838	fix	算了啦，別再想那件事，明天還要上班。	Forget it. Stop thinking about that. You've got work tomorrow.
840	fix	面對考試的壓力，她每天都去操場慢跑來放鬆。	Facing exam pressure, she jogs around the field every day to relax.
842	fix	面對經濟危機，老闆決定先不加薪，大家都能理解。	Facing an economic crisis, the boss decided not to give raises for now, and everyone understood.
844	fix	網路恢復正常之後，我們才能繼續處理剩下的訂單。	Once the network is back to normal, we can continue handling the remaining orders.
846	fix	弟弟每個月都會去書店買新出的漫畫，房間裡堆滿了書。	My younger brother buys new comics at the bookstore every month, and his room is stacked with them.
848	fix	為了安全，市政府決定在路口設置更多監視器。	For safety, the city government decided to install more security cameras at intersections.
850	fix	他送了我一條高級領帶，質料摸起來非常好。	He gave me a high-quality necktie, and the fabric feels wonderful.
852	fix	他把事情的經過完整地說了一遍，大家才明白發生了什麼。	He told the whole story from start to finish, and only then did everyone understand.
854	fix	剛開始接觸程式設計的時候，我連最簡單的指令都看不懂。	When I first got into programming, I couldn't understand even the simplest commands.
856	fix	週末的夜市總是人潮眾多，想買東西得有耐心。	Weekend night markets are always crowded with people, so you need patience to shop.
858	fix	手機放在旁邊的話，很難集中精神寫作業。	With your phone beside you, it's hard to focus on homework.
859	fix	有別的顏色嗎？	Is there another color?
860	fix	這件有點大，可以給我看看別的尺寸嗎？	This one is a bit big. Can you show me other sizes?
862	fix	不管遇到什麼困難，她始終相信自己一定能做到。	No matter what difficulties she met, she always believed she could do it.
864	fix	演唱會的票一開賣就被搶光了，我連網頁都打不開。	Concert tickets were snapped up the moment they went on sale; I couldn't even open the page.
866	fix	這個小鎮的交通設施已經現代化，不用再擔心不方便。	This town's transportation facilities are now modernized, so there's no need to worry about inconvenience.
867	fix	政府的政策要落實到每個鄉鎮才有意義。	Government policy is only meaningful if it is carried out in every township.
868	fix	這項政策如果沒有落實，就算寫得再好也沒有用。	If this policy isn't carried out, it's useless no matter how well it's written.
870	fix	我先把文件寄出去，隨後再打電話跟你確認。	I'll send the documents first and call you afterward to confirm.
871	fix	現在買兩件打八折，還有免運費優惠。	Right now it's 20% off when you buy two, plus a free-shipping offer.
872	fix	用悠遊卡搭公車有優惠，轉乘捷運還可以再便宜一點。	Using an EasyCard on the bus gets a discount, and transferring to the MRT is even cheaper.
874	fix	早起有很多好處，例如可以悠閒地吃早餐，不用趕時間。	Getting up early has many benefits, like having a relaxed breakfast without rushing.
875	fix	這次段考，我的排名進步了十名。	In this midterm, my ranking improved by ten places.
876	fix	這所大學今年的排名上升了五名，同學們都很開心。	This university rose five places in the rankings this year, and the students are happy.
878	fix	小孩子難免會犯錯，爸媽只要耐心教就好。	Kids inevitably make mistakes, so parents just need to teach them patiently.
880	fix	他的著作已經被翻譯成日文，在日本也有不少讀者。	His writings have been translated into Japanese and have quite a few readers in Japan too.
881	fix	你陪我去好嗎？	Will you go with me?
882	fix	週末我要陪外婆去醫院做檢查，所以不能跟你們去爬山。	This weekend I'm accompanying my grandma to a hospital checkup, so I can't hike with you.
883	fix	余老師教我們國文，上課很有趣。	Mr. Yu teaches us Chinese class, and his lessons are fun.
884	fix	他姓余，是我們公司新來的會計。	His surname is Yu, and he's the new accountant at our company.
885	dropword	Bound character used almost only in compounds like 參加/參考; 參加 already has its own entry
888	fix	下過雨以後，天空出現一道彩虹，路人都停下來拍照。	After the rain, a rainbow appeared in the sky, and passersby stopped to take photos.
889	fix	一想到要上台演講，他就感到恐懼。	Just thinking about speaking on stage fills him with fear.
890	fix	面對未知的事情，很多人心裡都會有恐懼，這很正常。	Many people feel fear when facing the unknown, and that's perfectly normal.
891	fix	子曰：學而時習之。	The Master said: To learn and practice what one has learned.
892	fix	老師說，「子曰」就是「孔子說」的意思。	The teacher said that 「子曰」 means "Confucius said."
894	fix	這支球隊今年表現很好，球迷每場比賽都到現場加油。	This team has played well this year, and fans come to cheer at every game.
896	fix	創辦人把一部分股權分給了早期的員工，大家都很感動。	The founder gave part of the equity to early employees, and everyone was touched.
897	fix	他退伍以前是職業軍人，現在開了一家餐廳。	Before leaving the service he was a career soldier, and now he runs a restaurant.
898	fix	爺爺以前是軍人，所以他到現在還是每天很早起床。	Grandpa used to be a soldier, so he still gets up very early every day.
899	fix	他頂著大太陽走了一個小時，滿頭大汗。	He walked for an hour under the blazing sun and was drenched in sweat.
900	fix	我買了一頂新帽子，戴起來很好看。	I bought a new hat, and it looks good on me.
901	fix	這家咖啡廳的設計用了很多復古元素。	This café's design uses many retro elements.
902	fix	這部電影結合了科幻和愛情元素，所以很多人喜歡。	This film blends sci-fi and romance elements, which is why many people like it.
904	fix	我們只是單純想幫忙，沒有別的意思，請不要誤會。	We simply wanted to help with no other meaning, so please don't misunderstand.
906	fix	外婆雖然年紀大了，但她每天早上都去公園做體操。	Although Grandma is old, she goes to the park for exercises every morning.
908	fix	今天婚禮上，新人在大家的祝福中交換戒指，現場非常溫馨。	At today's wedding, the newlyweds exchanged rings amid everyone's blessings, and it was heartwarming.
910	fix	住了半年以後，我漸漸喜歡上這個安靜的小城市。	After living here half a year, I gradually came to like this quiet little city.
911	fix	他竟然忘了！	He actually forgot!
912	fix	我沒想到這麼小的店，竟然有這麼多人排隊。	I never expected such a small shop to have so many people lining up.
914	fix	氣象署預測，西南氣流會帶來豪大雨，中南部要小心。	The Central Weather Administration forecasts that the southwesterly flow will bring torrential rain, so central and southern Taiwan should be careful.
916	fix	家裡的醫藥箱裡放著退燒藥和繃帶，以備不時之需。	The home medicine box holds fever medicine and bandages in case of need.
917	fix	他把家人放在事業之上，從不加班。	He puts family above his career and never works overtime.
918	fix	在法律之上，沒有任何人可以享有特權。	No one is above the law or entitled to special privileges.
920	fix	這部連續劇的劇情太誇張，但我每週都忍不住要追。	The plot of this drama series is over the top, but I can't help following it every week.
921	fix	我想報名下個月的路跑活動。	I'd like to sign up for next month's fun run.
922	fix	我已經幫你報名了下週的游泳課，記得帶泳衣和毛巾。	I've signed you up for next week's swimming class, so remember your swimsuit and towel.
924	fix	颱風把屋頂的鐵皮吹走了，爸爸只好爬上去修理。	The typhoon blew off the metal sheet on the roof, so Dad had to climb up and fix it.
925	dropword	Bound character that only occurs in compounds such as 抗議/抵抗/抗爭
928	fix	這本筆記很有用，考試前我都會拿出來複習。	This notebook is very useful, and I take it out to review before exams.
930	fix	水跟油混不在一起，所以做沙拉醬的時候要用力搖。	Water and oil don't mix, so shake hard when making salad dressing.
932	fix	他在美國留學五年，回國後在大學當老師。	He studied abroad in the United States for five years and teaches at a university after returning.
933	fix	我姓簡，竹字頭的簡，請多指教。	My surname is Jian, the one with the bamboo radical. Pleased to meet you.
934	fix	簡老師每週五都會帶我們去操場運動。	Teacher Jian takes us to the sports field every Friday.
935	fix	董事長明天要來視察新工廠，大家要準備資料。	The chairman is coming tomorrow to inspect the new factory, so everyone must prepare materials.
937	fix	手機有輻射嗎？	Do mobile phones give off radiation?
938	fix	醫院在拍X光之前，會請你穿上防輻射的衣服保護身體。	Before an X-ray, the hospital has you wear radiation-proof clothing to protect your body.
939	fix	聽到這個消息，大家都震驚得說不出話。	On hearing the news, everyone was too shocked to speak.
940	fix	這個消息震驚了整個社區，居民們都聚在一起討論。	The news shocked the whole neighborhood, and residents gathered to discuss it.
942	fix	爺爺長期失眠，中醫幫他把脈後開了幾帖中藥。	Grandpa has long had insomnia, and the Chinese medicine doctor took his pulse and prescribed some herbal remedies.
944	fix	這首歌的歌詞出自一位年輕詩人的作品，讀起來很感人。	The lyrics of this song come from a young poet's work and are moving to read.
946	fix	公司面臨困境的時候，老闆沒有裁員，而是和大家一起想辦法。	When the company was in trouble, the boss didn't lay off staff and instead worked it out with everyone.
948	fix	她寧願自己辛苦一點，也不想麻煩別人。	She would rather have it a bit harder herself than trouble others.
950	fix	警方認為嫌犯並沒有傷人的意圖，只是想把車子開走。	Police believe the suspect had no intention of harming anyone and just wanted to drive the car away.
952	fix	本店新增了素食菜單，歡迎吃素的朋友來試試。	This shop has added a vegetarian menu; vegetarian friends are welcome to try it.
954	fix	新員工到職的流程很簡單，先填資料，再領電腦和門禁卡。	The onboarding process for new employees is simple: fill in forms, then collect a computer and access card.
956	fix	老師很會發掘學生的長處，讓每個人都有機會表現。	The teacher is good at discovering students' strengths and gives everyone a chance to shine.
957	fix	日治時期，台灣總督掌管全島的行政大權。	During the Japanese colonial period, the Governor-General held the island's administrative power.
958	fix	日治時期的台灣總督府現在是總統府，很多遊客來參觀。	The Governor-General's Office from the Japanese colonial period is now the Presidential Office, and many tourists visit.
959	fix	這張圖要怎麼解讀？	How should this chart be read?
960	fix	大家對這份報告的解讀不太一樣，所以才需要再開會討論。	People interpret this report differently, which is why we need another meeting.
962	fix	阿姨每次來都會帶一盒水果，小孩子們都很期待。	Auntie brings a box of fruit every visit, and the kids look forward to it.
964	fix	整場演講中，台下的觀眾不時發出笑聲，氣氛很好。	Throughout the speech, laughter came from the audience now and then, and the atmosphere was great.
966	fix	這個地區的地理位置優越，交通和生活機能都很方便。	This area has a superior location, with convenient transportation and amenities.
967	fix	十一點了，該睡了。	It's eleven o'clock; time for bed.
968	fix	十一月的天氣開始轉涼，早晚要記得多穿一件外套。	In November the weather turns cool, so remember an extra jacket morning and evening.
970	fix	大雪把車子困在山路上，救難人員花了兩個小時才把大家救出來。	Heavy snow stranded cars on the mountain road, and rescuers took two hours to get everyone out.
971	fix	公司的流程太官僚，簽一個名要等三天。	The company's process is too bureaucratic; getting one signature takes three days.
972	fix	辦一張證件要跑好幾個地方，大家都說這太官僚了。	Getting a single document means going to several places, and everyone says it's too bureaucratic.
974	fix	他從沒遲到過，所以今天沒到，大家都很擔心。	He's never been late, so everyone is worried that he hasn't shown up today.
976	fix	剛畢業的時候，我一個月掙不到三萬塊，過得很辛苦。	Just after graduating, I earned less than thirty thousand a month and lived hard.
978	fix	警方出動大批人員，終於在天亮前平息了這場暴動。	Police deployed large numbers of officers and finally put down the riot before dawn.
980	fix	船太重了，一下子就沉到了海底。	The boat was so heavy that it sank to the bottom of the sea at once.
982	fix	基隆附近曾經有很多煤礦，現在變成了觀光景點。	There used to be many coal mines near Keelung, which have now become tourist sites.
984	fix	對長輩說話要有禮貌，這是爸媽從小就教我的。	You should speak politely to elders, which is what my parents taught me from a young age.
986	fix	吃火鍋時太燙，他的舌頭被燙到，痛得說不出話來。	The hot pot was too hot, and he burned his tongue and couldn't speak from the pain.
988	fix	這匹馬需要有經驗的人慢慢調教，才能順利參加比賽。	This horse needs an experienced person to train it gradually before it can race.
990	fix	選區劃分重新調整之後，有些里被分到了隔壁的區域。	After the electoral districts were redrawn, some neighborhoods were moved into the adjoining district.
992	fix	這座博物館隸屬於市政府，免費開放給市民參觀。	This museum is subordinate to the city government and open to residents free of charge.
994	fix	主管下達的指示很清楚，大家照著做就不會出錯。	The instructions the manager issued are clear; if everyone follows them, there won't be mistakes.
996	fix	她手上的戒指鑲著一顆兩克拉的寶石，在陽光下閃閃發光。	The ring on her hand is set with a two-carat gem that sparkles in the sunlight.
998	fix	媽媽生日的時候，我在卡片裡寫了幾句感謝的話放進禮物盒。	For Mom's birthday I wrote a few words of thanks in a card and put it in the gift box.
999	fix	清明節到了，爺爺的墓地在山腳下，我們一早就出發。	Tomb-Sweeping Day arrived, and since Grandpa's grave is at the foot of the hill, we set off early.
1000	fix	清明節的時候，全家人都會到墓地掃墓，帶著鮮花和水果。	At Tomb-Sweeping Day, the whole family goes to the cemetery with flowers and fruit.
1001	fix	過去一黨專政的年代，人民沒有言論自由。	In the era of one-party rule, the people had no freedom of speech.
1002	fix	歷史上的專政政權，往往限制人民的言論自由。	Dictatorial regimes in history often restricted freedom of speech.
1004	fix	從業人員必須定期接受健康檢查，以保障顧客的安全。	Practitioners must receive regular health checks to ensure customer safety.
1006	fix	研究結果揭示了睡眠不足與情緒之間的關係，引起不少討論。	The research reveals the link between lack of sleep and mood, sparking quite a lot of discussion.
1008	fix	本月底是繳交報告的最後期限，請大家務必注意。	The end of this month is the final deadline to hand in reports, so please take note.
1009	fix	幾個流氓在夜市裡收保護費，攤販都敢怒不敢言。	A few thugs collect protection money in the night market, and the vendors dare not speak up.
1010	fix	深夜裡有幾個流氓在巷口鬧事，鄰居趕緊報警處理。	Late at night some hoodlums caused trouble at the alley entrance, and neighbors quickly called the police.
1011	fix	你開車像個瘋子一樣，真的很危險。	You drive like a maniac, which is really dangerous.
1012	fix	他半夜站在街上大喊大叫，路人以為他是瘋子，趕緊走開。	He stood on the street shouting at midnight, and passersby thought he was a lunatic and hurried away.
1013	fix	我包了一個紅包，準備送給新郎新娘。	I put together a red envelope to give to the bride and groom.
1014	fix	過年時，長輩給小孩的紅包裡通常是壓歲錢，孩子們都很開心。	At New Year, the red envelopes elders give kids contain lucky money, and the children are delighted.
1016	fix	健身的人需要攝取足夠的蛋白質，所以常常吃雞胸肉和豆腐。	People who work out need enough protein, so they often eat chicken breast and tofu.
1018	fix	律師花了一整個星期起草合約，再請雙方確認內容。	The lawyer spent a whole week drafting the contract and then had both sides confirm it.
1020	fix	大樹倒下來阻擋了道路，救護車只好繞路去醫院。	A fallen tree blocked the road, and the ambulance had to detour to the hospital.
1022	fix	小孩在一旁安靜地玩積木，不想打擾大人們聊天。	The child quietly played with blocks to the side, not wanting to disturb the adults chatting.
1026	fix	這家餐廳僱用了幾位兼職的學生，在週末幫忙招呼客人。	This restaurant hired some part-time students to help serve customers on weekends.
1028	fix	勞動節那天，許多勞動者上街，要求更好的工作條件。	On Labor Day many workers took to the streets to demand better working conditions.
1029	fix	他呵了一口氣，把冰冷的雙手搓一搓。	He puffed out a breath and rubbed his icy hands together.
1030	fix	呵，你終於來了，我等你好久了。	Ha, you're finally here; I've been waiting for ages.
1032	fix	新來的同事說：「請大家多多幫忙，我還有很多不懂的地方。」	The new coworker said: "Please help me out, there's a lot I still don't understand."
1033	fix	這支麥克風可以定向收音，不會錄到旁邊的雜音。	This microphone picks up sound directionally and won't record noise from the sides.
1034	fix	學校舉辦定向越野活動，學生要靠地圖和指南針找出隱藏的點。	The school held an orienteering event where students use a map and compass to find hidden points.
1035	fix	這位廚師的拿手菜是紅燒牛肉麵。	This chef's signature dish is braised beef noodles.
1036	fix	那位廚師從十五歲開始學做菜，現在已經有三十年的經驗。	That chef started learning to cook at fifteen and now has thirty years of experience.
1038	fix	戶外的氣溫很低，出門前記得多穿一點衣服。	It's very cold outdoors, so remember to dress warmer before going out.
1040	fix	球迷們在看台上揮舞著手中的旗幟，大聲為球隊加油。	Fans on the stands waved their flags and cheered loudly for the team.
1042	fix	這位畫家的晚期作品風格很不一樣，色彩比早期鮮豔很多。	This painter's late works have a very different style, with much brighter colors than earlier ones.
1043	fix	每年二月，武陵農場的櫻花都開得很漂亮。	Every February the cherry blossoms at Wuling Farm bloom beautifully.
1044	fix	陽明山的櫻花開了，週末有很多人去拍照賞花。	The cherry blossoms are out on Yangmingshan, and on weekends many go photograph and view them.
1046	fix	週末一到，大批遊客湧進老街，街上擠得水洩不通。	On weekends great crowds of tourists surge into the old street, packing it solid.
1047	fix	生日快樂！	Happy birthday!
1048	fix	大家一起唱生日快樂歌，然後看著壽星吹熄蠟燭許願。	Everyone sang Happy Birthday together and watched the birthday person blow out candles and wish.
1050	fix	有什麼意見可以私下跟我說，不用在大家面前提出來。	If you have any opinions, tell me privately, no need to raise them in front of everyone.
1051	fix	總統府前的凱達格蘭大道常有遊行活動。	Ketagalan Boulevard in front of the Presidential Office often hosts marches.
1052	fix	週末總統府前面常有表演活動，遊客也可以進去參觀。	On weekends there are often performances before the Presidential Office, and tourists can go in to visit.
1054	fix	她處處為家人著想，自己卻很少買新衣服。	She considers her family in everything but rarely buys new clothes for herself.
1056	fix	談判了很久，店家終於讓步，同意把價格降到八折。	After long negotiations the shop finally conceded and agreed to take 20 percent off.
1058	fix	外婆過世的時候，全家人都很難過，大家聚在一起回憶她的點點滴滴。	When Grandma passed away, the family grieved and gathered to recall her little moments.
1060	fix	這間工廠專門生產電機設備，產品銷往世界各地。	This factory specializes in producing electrical machinery and sells worldwide.
1062	fix	冰箱裡還有一瓶牛奶，明天早餐可以喝。	There's still a bottle of milk in the fridge for tomorrow's breakfast.
1064	fix	巷口那家早餐店的蛋餅很好吃，所以每天早上都排隊。	The egg pancakes at the breakfast shop at the end of the alley are delicious, so there's a line every morning.
1066	fix	她下班後會去上瑜珈課，學習放鬆和調整呼吸。	After work she goes to yoga class to learn to relax and regulate her breathing.
1068	fix	週末我跟朋友去逛街，走了一整天，腳都痠了。	On the weekend I went shopping with friends and walked all day until my feet ached.
1069	dropword	Bound character that occurs only in compounds such as 朋友
1075	dropword	Mainland form; Taiwan writes 計畫
1099	fix	主任請你下午三點到辦公室一趟。	The director asks you to come to the office at three this afternoon.
1121	fix	失眠的痛苦只有經歷過的人才懂。	Only those who have been through it understand the misery of insomnia.
1135	fix	請靠邊停車，警察要檢查證件。	Please pull over to the side; the police need to check your documents.
1145	fix	新疆維吾爾自治區的面積非常大，人口卻不多。	The Xinjiang Uyghur Autonomous Region is huge in area but not heavily populated.
1149	fix	此例一開，以後就收不住了。	Once this precedent is set, it will be impossible to rein in later.
1191	fix	工廠停工後，市政府接收了這塊土地。	After the factory shut down, the city government took over the land.
1202	fix	員工要掛上識別證才能進入公司大樓。	Employees must wear an ID badge to enter the company building.
1203	fix	訪談時我用手機錄音，回家再整理成文字。	I record interviews on my phone and write them up at home.
1229	dropword	Bound character that occurs only in compounds such as 伙食; Taiwan writes 夥 for companion
1237	dropword	Bound character that occurs only in compounds such as 巨大/巨浪
1267	dropword	Bound morpheme that occurs only in compounds such as 御飯糰/御守
1275	fix	物理治療是一種不用吃藥的療法。	Physical therapy is a form of treatment that doesn't involve taking medicine.
1287	fix	人身自由是憲法保障的基本權利。	Personal freedom is a basic right guaranteed by the constitution.
1289	fix	我今年二十四歲，屬兔。	I'm twenty-four this year, born in the Year of the Rabbit.
1293	dropword	Bound character that occurs only in compounds such as 嘉許/嘉獎/嘉義
1297	fix	廟裡供奉著一尊很大的媽祖神像。	The temple enshrines a very large statue of Mazu.
1298	fix	請問您尊姓大名？我想登記一下。	May I ask your honorable name? I'd like to register it.
1305	dropword	Bound character that occurs only in compounds such as 木材/人材
1310	fix	傳統的豬油要先用小火慢慢煉出來，才會香。	Traditional lard has to be rendered slowly over low heat to be fragrant.
1319	fix	他轉而支持新計畫。	He turned to support the new plan.
1372	fix	境內的國道在連假期間常常塞車。	The national freeways within the country often jam during long holidays.
1385	dropword	Mainland usage; Taiwan says 網路上
1387	fix	早上七點的捷運特別擠，我都提早出門。	The MRT at seven in the morning is especially crowded, so I leave early.
1391	fix	法律規定，雇主不能無故扣員工的工資。	The law says employers may not deduct employees' wages without cause.
1393	fix	他不只是我的老師，更是我人生的指引。	He is not just my teacher but also a guide in my life.
1395	fix	知之為知之，不知為不知，是知也。	To know what you know and know what you don't know, that is true knowledge.
1396	fix	據我所知，這家店下個月就要搬走了。	As far as I know, this shop is moving out next month.
1407	dropword	Mainland-flavored word; Taiwan says 故鄉/母國 instead of 祖國
1417	fix	我哥哥是軟體工程師，經常加班到半夜。	My older brother is a software engineer and often works overtime until midnight.
1455	fix	你這樣說，我實在不服！	I really don't accept it when you put it that way!
1484	fix	他屬虎，朋友都開玩笑說他是紙老虎。	He was born in the Year of the Tiger, and his friends joke that he's a paper tiger.
1489	fix	家裡有人得了流感，最好和其他家人隔離，避免傳染。	If someone at home has the flu, it's best to keep them apart from the rest of the family to avoid spreading it.
1502	fix	警察要求民眾先撤到安全的地方。	Police told people to pull back to a safe place first.
1514	dropword	Bound character that occurs only in compounds such as 貝殼/貝類
1522	dropword	Mainland word; Taiwan says 公車
1530	fix	那位客人聽到被插隊，頓時大怒。	The customer flew into a rage on hearing he'd been cut in line.
1532	fix	他肩上擔著兩桶水，慢慢走回家。	He carried two buckets of water on a shoulder pole and walked slowly home.
1538	dropword	Vulgar and offensive slur; not suitable as a learner example
1575	fix	太悶了，我去把窗開一下。	It's stuffy; I'll go open the window a bit.
1579	fix	抽血時，護理師很快就找到了我的血管。	When drawing blood, the nurse found my vein quickly.
1587	fix	不好意思，我身上只有現金，可以付現嗎？	Sorry, I only have cash on me; can I pay in cash?
1591	fix	冰箱裡有一個空瓶子，你拿去回收吧。	There's an empty bottle in the fridge; take it for recycling.
1600	fix	下雨天路更滑，騎機車要更小心。	Roads are even slipperier in the rain, so be extra careful riding a scooter.
1602	fix	院子裡跑來了兩隻小狗，孩子們開心極了。	Two puppies ran into the yard, and the kids were thrilled.
1604	fix	他只是個孩子，你就別對他這麼嚴格了。	He's only a kid, so don't be so strict with him.
1606	fix	週末我常帶孩子去公園玩，讓他們跑一跑。	On weekends I often take my kids to the park to run around.
1608	fix	這家店每個月只開放一次預約，要搶喔。	This shop opens reservations only once a month, so be quick.
1610	fix	公司這個月終於發薪水了，大家都很開心。	The company finally paid salaries this month, and everyone is happy.
1612	fix	這款新手機一推出，就受到年輕人的歡迎。	As soon as this new phone came out, it was popular with young people.
1614	fix	真正重要的事，往往不是花錢就能買到的。	What really matters often can't be bought with money.
1616	fix	明天北部區域會有短暫陣雨，中南部則是多雲到晴。	Tomorrow there will be brief showers in the north, and cloudy to sunny in the center and south.
1618	fix	這個遊戲的規則很簡單，五分鐘就能學會。	The rules of this game are simple; you can learn them in five minutes.
1620	fix	這家餐廳的服務十分周到，我們下次還會再來。	The service at this restaurant is very attentive; we'll come again.
1622	fix	我每天早上都會看一篇新聞文章，練習中文閱讀。	Every morning I read a news article to practice reading Chinese.
1624	fix	他正在考慮要不要換工作，搬到別的縣市去。	He's considering whether to change jobs and move to another city.
1626	fix	她三十歲就辭掉工作，開始經營自己的事業。	She quit her job at thirty and started running her own business.
1628	fix	政府推出新補助，幫助單親婦女重新回到職場。	The government introduced a new subsidy to help single mothers return to the workforce.
1631	fix	難道你不知道嗎？	Don't tell me you didn't know?
1632	fix	你每天都熬夜，難道不覺得累嗎？	You stay up late every day; don't you feel tired?
1634	fix	現在很多公司都在推動數位化，連開會都改成線上了。	Many companies are pushing digitalization now; even meetings have moved online.
1635	fix	他多練習，從而進步了。	He practiced more and thereby improved.
1636	fix	新制度簡化了申請流程，從而讓民眾辦事更方便。	The new system simplified the application process, making things more convenient for the public.
1638	fix	他一個人要打好幾份工，才能養活全家人。	He has to work several jobs alone to support his whole family.
1640	fix	你得先搞懂比賽的規則，才知道怎麼得分。	You have to understand the rules before you know how to score.
1642	fix	這位歌手今年首次在小巨蛋開演唱會，票一開賣就賣完。	This singer is holding a concert at the Taipei Arena for the first time, and tickets sold out right away.
1644	fix	我的筆電突然壞掉，明天只好拿去維修。	My laptop suddenly broke, so I'll have to take it for repair tomorrow.
1646	fix	原物料漲價，所以店家只好調高價格來補貼成本。	Raw materials got pricier, so the shop had to raise prices to cover costs.
1648	fix	這種膠帶主要用於包裝紙箱，黏性很強。	This tape is mainly used for sealing cardboard boxes and is very sticky.
1650	fix	裁縫師先替我量好尺寸，再開始裁剪布料。	The tailor measured my size first and then started cutting the fabric.
1651	fix	警方在河邊發現一具男性遺體。	Police found a male body by the river.
1652	fix	這具機器人可以幫忙搬運重物。	This robot can help carry heavy objects.
1654	fix	天氣預報說週末會放晴，我們可以去海邊走走。	The forecast says it will clear up this weekend, so we can walk by the sea.
1656	fix	要掌握一門新語言，最重要的就是每天持續練習。	To master a new language, the most important thing is daily practice.
1657	dropword	Bound character that occurs only in compounds such as 物品/小物
1659	fix	至於價錢，明天再談。	As for the price, let's discuss it tomorrow.
1660	fix	我只負責設計，至於要怎麼印刷，就交給印刷廠決定。	I only handle the design; as for how to print it, the print shop decides.
1662	fix	週末我們開車到鄉村，在小溪旁野餐了一整個下午。	On the weekend we drove to the countryside and picnicked by a stream all afternoon.
1664	fix	昨天打籃球時，我不小心傷到了腳踝。	I accidentally hurt my ankle playing basketball yesterday.
1668	fix	這件行李太大，我們只好托運，不能帶上飛機。	This bag is too big, so we have to check it in instead of carrying it on.
1670	fix	電影裡的主角必須在倒數十秒內剪斷線，拆除炸彈。	In the movie, the hero must cut the wire within a ten-second countdown to defuse the bomb.
1671	fix	我好興奮喔！	I'm so excited!
1672	fix	明天就要去露營了，孩子們興奮得一整晚都睡不著。	Camping starts tomorrow, and the kids were too excited to sleep all night.
1674	fix	地震後，居民和志工一起努力重建被震垮的社區。	After the earthquake, residents and volunteers worked together to rebuild the collapsed neighborhood.
1676	fix	店家若違反規定，政府將依法處罰，最高可罰十萬元。	If shops break the rules, the government will penalize them by law, up to 100,000 dollars.
1682	fix	找工作時，不應該因為性別而受到不公平的對待。	No one should be treated unfairly because of gender when job hunting.
1686	fix	為了獎勵大家這個月的努力，老闆請全公司吃大餐。	To reward everyone's effort this month, the boss treated the whole company to a big meal.
1688	fix	吃完晚飯後，我喜歡跟朋友在線上聊天，放鬆一下。	After dinner, I like to chat online with friends to relax.
1689	fix	趕緊跑吧！	Hurry and run!
1690	fix	要下雨了，大家趕緊把衣服收進來。	It's about to rain; quickly bring the laundry inside, everyone.
1692	fix	聽到寵物過世的消息，她難過得一整天吃不下飯。	Hearing her pet had passed away, she was too sad to eat all day.
1693	dropword	Not the usual Taiwan word; Taiwan says 媒體
1695	dropword	Bound character that occurs only in compounds such as 食品/物品
1697	fix	這兩個有什麼差別？	What's the difference between these two?
1698	fix	這兩支手機的差別只有顏色，功能完全一樣。	The only difference between these two phones is color; the functions are identical.
1700	fix	對不起，我不是故意踩到你的腳的。	Sorry, I didn't step on your foot on purpose.
1702	fix	夏天的時候，我常和朋友一起去游泳池游泳。	In summer I often go swimming at the pool with friends.
1703	fix	他的手機很新，忍不住拿出來秀一下。	His phone is brand new, so he couldn't help showing it off.
1704	fix	他在朋友面前秀了一手好廚藝，大家都鼓掌叫好。	He showed off his cooking skills in front of friends, and everyone cheered.
1706	fix	政府正在討論是否要調整行政區劃，把兩個鄉鎮合併成一個。	The government is discussing whether to adjust administrative divisions and merge two townships.
1710	fix	媽媽身體不舒服，卻不願去看醫生。	Mom isn't feeling well but is unwilling to see a doctor.
1712	fix	要把中文說好，得花不少功夫。	To speak good Chinese, you have to put in quite some effort.
1714	fix	在正式場合，請盡量不要穿拖鞋。	On formal occasions, please avoid wearing slippers.
1716	fix	在這個遊戲裡，每個角色都有不同的屬性，例如速度和力量。	In this game, each character has different attributes, such as speed and strength.
1719	dropword	Mainland term; Taiwan says 伺服器
1721	fix	每天早上，清潔人員都會把街道打掃得乾乾淨淨。	Every morning, the cleaning staff sweep the streets spotless.
1723	fix	兩位老師的教法各異，學生的反應也不一樣。	The two teachers teach in different ways, and the students respond differently.
1725	fix	我們約定好每個星期天晚上打電話給阿嬤，陪她聊天。	We agreed to call grandma every Sunday evening to chat with her.
1727	fix	蘭花需要通風的環境，澆水太多反而會爛根。	Orchids need ventilation, and too much watering will rot the roots.
1729	fix	辯論比賽中，雙方同學都提出了很有說服力的論點。	In the debate competition, both sides raised very persuasive points.
1730	fix	這個字的音很難發，我練了很多次。	This character is hard to pronounce; I practiced many times.
1731	fix	這個字的音和另一個字很像，所以很容易寫錯。	This character sounds like another one, so it's easy to write wrongly.
1732	fix	請乘電梯到五樓，櫃台就在左手邊。	Please take the elevator to the fifth floor; the counter is on your left.
1733	fix	他乘著暑假，一個人去環島旅行。	He took advantage of summer break to travel around the island alone.
1735	fix	他把今年的獎金分成三份，一份存起來，一份孝敬爸媽。	He split this year's bonus in three, saving one part and giving one to his parents.
1736	fix	每天早上七點，學校都會在操場升國旗。	Every morning at seven the school raises the national flag on the field.
1737	fix	運動會開幕時，選手們揮著國旗進場。	At the sports meet's opening, athletes entered waving the national flag.
1739	fix	這起官司已經審理了兩年，雙方還是沒有達成共識。	This lawsuit has been tried for two years and the two sides still haven't reached agreement.
1741	fix	他有很多愛好，像是攝影、烹飪，還有收集老唱片。	He has many hobbies, like photography, cooking and collecting old records.
1743	fix	附近新建了一座運動公園，有跑道和籃球場。	A new sports park was built nearby with a running track and basketball courts.
1745	fix	入境時，海關人員會檢查你有沒有帶違禁品。	On entry, customs officers check whether you carry prohibited items.
1747	fix	這家小店開了兩年，終於開始有盈利。	This little shop opened two years ago and is finally turning a profit.
1749	fix	這個月錢不夠，我一直缺錢，只好跟朋友借。	I've been short of money this month and had to borrow from a friend.
1750	dropword	Mainland term; Taiwan says 試辦
1753	fix	作文的開頭要先吸引讀者，所以我花了很多時間想第一句話。	An essay's opening must hook the reader, so I spent a long time on the first sentence.
1754	fix	十二地支的第二個是丑，對應的生肖是牛。	The second of the twelve Earthly Branches is chou, matching the ox in the zodiac.
1756	dropword	Bound character that occurs only in compounds such as 充電/充實
1758	fix	午餐吃什麼？	What's for lunch?
1759	fix	我們公司的午餐通常是訂便當，今天吃的是排骨飯。	Our company usually orders boxed lunches, and today it's pork chop rice.
1761	fix	科學園區裡有很多科技公司，上下班時間車子特別多。	The science park has many tech companies, with lots of cars at commuting times.
1763	fix	我等了將近兩個小時，公車才終於來了。	I waited nearly two hours before the bus finally came.
1765	fix	他從小就患有氣喘，所以不能做太激烈的運動。	He's had asthma since childhood, so he can't do vigorous exercise.
1767	fix	洪水來得太快，居民只好緊急撤退到高處。	The flood came too fast, so residents had to evacuate to higher ground.
1769	fix	俗話說「萬事俱備，只欠東風」，現在就差最後一步了。	As the saying goes, "all is ready but the east wind"; only the last step is missing.
1771	fix	潛水員潛到海底，看到了一艘很久以前沉沒的船。	The diver went to the seabed and saw a ship that sank long ago.
1773	fix	他計畫辭掉工作，存一筆錢，然後開始環球旅行。	He plans to quit his job, save up, and then start traveling around the world.
1775	fix	我絲毫沒有懷疑，因為他看起來太誠懇了。	I didn't doubt at all, because he seemed so sincere.
1777	fix	到了機場才發現行李超重，只好多付一些錢。	At the airport I found my luggage overweight and had to pay extra.
1779	fix	這次旅行的花費超出了我的預期，回來後只好省吃儉用。	The trip cost more than I expected, so I had to scrimp afterward.
1781	fix	這條裙子的長度剛好到膝蓋，穿起來很舒服。	This skirt reaches just to the knee and is comfortable to wear.
1783	fix	這家店專門賣高端咖啡豆，價格雖然貴，但是香氣很特別。	This shop specializes in high-end coffee beans; they're pricey but have a special aroma.
1785	fix	外國的客人下週要來訪，我們得先把會議室準備好。	Foreign guests will visit next week, so we must get the meeting room ready.
1787	fix	法官依法判刑，被告被判有期徒刑三年。	The judge sentenced by law, giving the defendant three years in prison.
1789	fix	唯有親自去一趟，才能知道那裡到底有多美。	Only by going there yourself can you know how beautiful it is.
1790	dropword	Bound character that occurs only in compounds such as 妻子/妻小
1793	fix	平凡的日子有時候最幸福，每天和家人一起吃飯就足夠了。	Ordinary days can be the happiest; eating with family every day is enough.
1795	fix	週末要跟朋友出去玩，我花了一個小時打扮。	I'm going out with friends this weekend, so I spent an hour getting ready.
1796	fix	明天要早起，你今晚早點睡吧。	You have to get up early tomorrow, so go to bed earlier tonight.
1797	fix	會議九點開始，請大家早點到，先把資料準備好。	The meeting starts at nine, so please arrive early and get your materials ready.
1799	fix	近年來少子化，出生嬰兒的比率每年都在下降。	With the falling birth rate, the proportion of newborns declines every year.
1800	fix	夜市每到週末就特別熱鬧。	The night market is especially lively every weekend.
1801	fix	過年的時候，全家人聚在一起，屋子裡熱鬧極了。	At New Year, the whole family gathers and the house is bustling.
1802	dropword	Bound character that occurs only in compounds such as 防禦/禦寒
1804	dropword	Bound character that occurs only in compounds such as 膽子/大膽
1807	fix	學外語時，語法和單字一樣重要，所以我每天都練習造句。	In learning a language, grammar matters as much as vocabulary, so I practice making sentences daily.
1811	fix	萬聖節的時候，孩子們戴著各種奇怪的面具去討糖果。	At Halloween, kids wear all kinds of weird masks to get candy.
1813	fix	這份合約有些條款不合法規，必須重新修改。	Some clauses in this contract don't comply with regulations and must be revised.
1815	fix	長年的海風侵蝕，讓這座古老的石像表面變得斑駁。	Years of sea wind erosion left this ancient stone statue mottled.
1817	fix	他們先是大吵一架，其後便再也沒有聯絡。	They first had a big fight and afterward stopped contacting each other.
1819	fix	他總是插話，這種習慣讓同事越來越反感。	He always interrupts, and this habit annoys coworkers more and more.
1821	fix	他考上了國立大學，學費比私立學校便宜很多。	He got into a public university, whose tuition is much cheaper than private schools.
1823	fix	這種詐騙套路很常見，遇到陌生人要求匯款一定要小心。	This scam routine is common, so be careful when strangers ask for money transfers.
1825	fix	他在背後亂說話，真是個小人。	He badmouths people behind their backs; what a petty man.
1827	fix	她的心思細膩，總是能察覺到朋友的小小變化。	She is perceptive and always notices small changes in her friends.
1829	fix	牙醫幫我拔了一顆智齒，現在臉還是腫腫的。	The dentist pulled a wisdom tooth, and my face is still swollen.
1831	fix	這所專科學校去年改制為科技大學，學生人數也增加了。	This junior college was restructured into a university of technology last year, and enrollment grew.
1833	fix	這些年來的努力終於有了成果，大家一起享受勝利的果實。	Years of effort finally paid off, and everyone shares the fruits of victory.
1835	fix	連日大雨使河水氾濫，低窪地區的住家都淹了水。	Days of heavy rain made the river flood, and homes in low areas were inundated.
1836	fix	不少人去動物園，就是為了看可愛的熊貓。	Many people go to the zoo just to see the adorable pandas.
1837	fix	動物園的熊貓正抱著竹子吃，小朋友都圍著看。	The zoo's panda is eating bamboo, and kids gather round to watch.
1839	fix	買盜版書籍等於侵犯作者的權益，所以我只支持正版。	Buying pirated books violates the author's rights, so I only support genuine copies.
1840	dropword	Bound character that occurs only in compounds such as 籌備/籌錢
1845	fix	前面的人站起來，擋住了我的視線，我只好換個位子。	The person in front stood up and blocked my view, so I changed seats.
1847	fix	昨天路過公園，看到很多人在跳舞，我也停下來看了一下。	Yesterday I passed the park and saw many dancing, so I stopped to watch.
1849	fix	我聽到門外有腳步聲，打開門卻沒看到任何人。	I heard footsteps outside the door but saw nobody when I opened it.
1850	dropword	Mainland word; Taiwan says 餐廳/學生餐廳
1853	fix	他的語氣聽起來像是在生氣，但其實只是太累了。	He sounded like he was angry, but he was just too tired.
1855	fix	武術老師把每一個招式都慢慢示範，讓大家看清楚動作。	The martial arts teacher demonstrated each move slowly so everyone could see.
1857	fix	我在台灣長大，所以對簡體字不太熟悉，看大陸的網站會比較吃力。	I grew up in Taiwan, so I'm unfamiliar with simplified characters and find mainland websites harder.
1859	fix	週末我會開車載爸媽去山上的餐廳吃飯，順便欣賞風景。	On weekends I drive my parents to a restaurant in the mountains, enjoying the scenery too.
1860	fix	真的假的？你再說一次！	Really? Say that again!
1861	fix	他說他中樂透了，我說：「真的假的？」	He said he won the lottery, and I said, "Seriously?"
1878	fix	他十八歲就從軍，保衛家園。	He joined the army at eighteen to defend his homeland.
1890	fix	客廳的茶几上放著一盤水果。	A plate of fruit sits on the coffee table in the living room.
1895	dropword	Bound character that occurs only in compounds such as 亞軍/亞洲
1903	dropword	Taiwan standard form is 身分; 身份 is a variant
1919	fix	這份日報每天早上六點送到家門口。	This daily paper is delivered to our door at six every morning.
