為	大家選他為班長。	Everyone chose him as class monitor.
為	她被任命為部門主管，下個月上任。	She was appointed department head and starts next month.
要	我媽要我早點回家。	My mom wants me to come home early.
要	老師要我們在週五前交作業。	The teacher requires us to hand in the homework by Friday.
被	我的手機被偷了。	My phone got stolen.
被	他昨天又被老闆叫去開會了。	He got called into a meeting by the boss again yesterday.
可以	這裡可以拍照嗎？	Can I take photos here?
可以	你的中文說得不錯，已經可以跟客人聊天了。	Your Chinese is pretty good; you can already chat with customers.
能	我明天不能來。	I can't come tomorrow.
能	這支手機能連續用兩天，電力很夠。	This phone can run two days straight; the battery is plenty.
大	這個西瓜好大喔。	This watermelon is so big!
大	我哥比我大三歲，現在在竹科上班。	My brother is three years older than me and works at the Science Park now.
自己	你自己來吧。	Do it yourself.
自己	週末我喜歡自己煮飯，不想出去吃。	On weekends I like cooking for myself instead of eating out.
因為	因為下雨，比賽取消了。	The game was cancelled because of rain.
因為	他因為工作太忙，已經三個月沒回南部老家了。	Because work is so busy, he hasn't been back to his hometown in the south for three months.
沒	我今天沒吃早餐。	I didn't have breakfast today.
沒	他到現在還沒回我訊息。	He still hasn't replied to my message.
三	我家有三隻貓。	My family has three cats.
三	這家店的珍珠奶茶一天要賣三百多杯。	This shop sells over three hundred bubble teas a day.
它	這台冰箱很吵，我想換掉它。	This fridge is noisy; I want to replace it.
它	這個舊背包我用了十年，捨不得丟它。	I've used this old backpack for ten years and can't bear to throw it away.
牠	牠是我家的狗。	That's my family's dog.
牠	我家的貓很怕生，有客人來的時候，牠都躲在沙發後面。	My cat is shy, and hides behind the sofa whenever guests come.
那	那是我的傘。	That's my umbrella.
那	那家早餐店的蛋餅很好吃，你有空可以去試試。	The egg rolls at that breakfast shop are great; try them when you have time.
前	前面有一家超商。	There's a convenience store up ahead.
前	他前年搬到台中，現在在那裡開咖啡店。	He moved to Taichung the year before last and now runs a café there.
地區	這個地區常下雨。	It rains often in this area.
地區	北部地區明天有大雷雨，出門請記得帶傘。	Thunderstorms are expected across northern Taiwan tomorrow; remember your umbrella.
活動	坐太久了，起來活動一下吧。	You've sat too long; get up and move around.
活動	久坐之後要站起來活動筋骨，對腰很好。	Standing up to stretch after sitting a long time is good for your back.
需要	你需要幫忙嗎？	Do you need help?
需要	辦居留證需要準備護照和兩張照片。	Applying for a residence permit requires a passport and two photos.
企業	這家企業很大。	This company is very large.
企業	越來越多企業開始讓員工在家上班。	More and more companies are letting employees work from home.
同時	我們同時到了。	We arrived at the same time.
同時	他一邊讀研究所，同時在餐廳打工。	He's in grad school and working at a restaurant at the same time.
所以	天氣太熱，所以我開冷氣。	It's too hot, so I turned on the AC.
所以	我昨天熬夜追劇，所以今天一直打哈欠。	I stayed up bingeing a show last night, so I've been yawning all day.
生活	我喜歡這裡的生活。	I like life here.
生活	剛搬來台北的時候，生活費比我想像的高很多。	When I first moved to Taipei, the cost of living was much higher than I'd imagined.
覺得	我覺得有點冷。	I feel a bit cold.
覺得	我覺得這部電影的結局太突然了，你覺得呢？	I think this movie's ending is too abrupt. What do you think?
重要	健康最重要。	Health matters most.
重要	明天的會議很重要，請大家千萬不要遲到。	Tomorrow's meeting is important; please, nobody be late.
任何	任何人都可以來。	Anyone can come.
任何	如果你有任何問題，隨時打電話給我。	If you have any questions, call me anytime.
只有	桌上只有一杯水。	There's only a glass of water on the table.
只有	這家店只有週末才開，想去的話要先算好時間。	This shop is only open on weekends, so plan ahead if you want to go.
帶	出門記得帶雨傘。	Remember to bring an umbrella when you go out.
帶	我媽每次回來，都會帶一大袋水果給我們。	Whenever my mom comes back, she brings us a big bag of fruit.
看到	我看到他了。	I saw him.
看到	我剛剛在新聞上看到那起車禍，真的嚇了一跳。	I just saw that car accident on the news and got quite a shock.
要求	老師要求我們準時。	The teacher requires us to be on time.
要求	客人要求換一張桌子，因為冷氣直接吹到他。	The customer asked to change tables because the AC blew right on him.
錢	我身上沒帶錢。	I'm not carrying any money.
錢	他每個月都會存一點錢，打算明年去日本玩。	He saves a bit of money each month, planning a trip to Japan next year.
之後	吃完飯之後再說吧。	Let's talk after we eat.
之後	下課之後，我們幾個同學約了去打籃球。	After class, a few of us classmates arranged to play basketball.
即	即日起開放報名。	Registration opens from today.
即	請於收到通知後三日內回覆，逾期即視為放棄。	Please reply within three days of the notice; after that it will be treated as a forfeit.
圖	請看下面這張圖。	Please look at the picture below.
圖	這張圖把每個月的銷售數字畫得很清楚。	This chart shows each month's sales figures very clearly.
學校	我的學校很近。	My school is close by.
學校	學校附近新開了一家書店，下課後很多學生會去逛。	A new bookstore opened near the school, and many students browse there after class.
建設	政府正在建設新公園。	The government is building a new park.
建設	市政府計畫在河邊建設一條腳踏車道，預計明年完工。	The city government plans to build a bike path by the river, due to finish next year.
曾	我曾去過花蓮。	I've been to Hualien before.
曾	她曾在日本住過三年，所以日文很流利。	She once lived in Japan for three years, so her Japanese is fluent.
死	這盆花死了。	This plant died.
死	我昨天加班到快累死了，一回家就倒在床上。	I worked overtime yesterday and was nearly dead tired; I collapsed onto my bed as soon as I got home.
當時	當時我還在念書。	I was still in school then.
當時	當時天氣很差，所以我們決定不上山了。	The weather was bad then, so we decided not to go up the mountain.
而且	這家很好吃，而且不貴。	This place is tasty, and not expensive either.
而且	這間房子離車站很近，而且附近有市場，生活很方便。	This house is close to the station, and there's a market nearby too, so life is convenient.
資料	請把資料寄給我。	Please send me the data.
資料	我在網路上查資料，準備下週的報告。	I'm looking up information online to prepare for next week's report.
部分	這部分我不懂。	I don't understand this part.
部分	這份報告前面的部分寫得不錯，但結論太短了。	The first part of this report is good, but the conclusion is too short.
一般	一般人都這樣想。	Ordinary people think this way.
一般	一般來說，週日的客人比平常多，要多準備一些。	Generally, Sundays have more customers than usual, so prepare extra.
人員	工作人員在門口。	The staff are at the entrance.
人員	現場有很多醫護人員在幫忙，請大家依序排隊。	Many medical personnel are helping on site; please line up in order.
受	他受傷了。	He got hurt.
受	這部紀錄片很受年輕人歡迎，討論度很高。	This documentary is popular with young people and widely discussed.
女	他們家生了一男一女。	They had one boy and one girl.
女	這次比賽分男女兩組，各取前三名。	The contest has men's and women's groups, with the top three in each winning.
應	你應該早點睡。	You should go to bed earlier.
應	申請人應攜帶身分證正本，並於期限內完成繳費。	Applicants should bring their original ID card and pay within the deadline.
政策	新政策下個月上路。	The new policy takes effect next month.
政策	政府推出新的補助政策，希望減輕年輕人的租屋負擔。	The government rolled out a new subsidy policy to ease young people's rent burden.
機構	這是一個公益機構。	This is a nonprofit organization.
機構	他在一家國際金融機構工作，常常要出差。	He works at an international financial institution and travels often.
準備	我在準備考試。	I'm preparing for an exam.
準備	你準備好了嗎？我們十分鐘後就要出發了。	Are you ready? We leave in ten minutes.
直接	你直接問他吧。	Just ask him directly.
直接	這班車可以直接到機場，不用轉車。	This bus goes straight to the airport; no need to transfer.
網絡	他的人際網絡很廣。	He has a wide social network.
網絡	這家公司的銷售網絡遍布全台，從北到南都有分店。	The company's sales network covers all of Taiwan, with branches from north to south.
記者	記者在現場報導。	The reporter is reporting from the scene.
記者	記者問市長明年會不會再參選，他笑而不答。	A reporter asked the mayor if he'd run again next year, and he just smiled.
間	這棟房子有四間房。	This house has four rooms.
間	客廳和廚房之間有一道玻璃門，看起來很明亮。	There's a glass door between the living room and the kitchen, which looks bright.
主席	主席請大家安靜。	The chair asks everyone to quiet down.
主席	主席宣布會議開始，並請各部門依序報告。	The chair declared the meeting open and asked each department to report in turn.
以下	以下是今天的菜單。	Below is today's menu.
以下	十二歲以下的小朋友，進場免費。	Children aged twelve and under get in free.
先	你先走吧。	You go first.
先	我先去洗個澡，等一下再陪你看電影。	I'll take a shower first, then watch the movie with you.
制度	公司的制度很清楚。	The company's rules are very clear.
制度	這所學校的獎學金制度，讓不少家境不好的學生能安心念書。	This school's scholarship system lets many students from poor families study with peace of mind.
只要	只要努力，就會進步。	As long as you work hard, you'll improve.
只要	只要按時吃藥，再休息幾天，感冒就會好了。	As long as you take your medicine on time and rest a few days, your cold will clear up.
圖片	這張圖片很美。	This picture is beautiful.
圖片	你可以把圖片傳到群組嗎？大家都想看看。	Can you send the pictures to the group? Everyone wants to see.
媒體	媒體都來報導了。	The media all came to cover it.
媒體	這件事被媒體報導後，很多網友都在討論。	After the media reported this, many netizens started discussing it.
工業	這個城市以工業聞名。	This city is known for its industry.
工業	高雄的工業區附近，空氣品質一直是大家關心的問題。	Air quality near Kaohsiung's industrial zones has always been a public concern.
成員	他是我們隊的成員。	He is a member of our team.
成員	社團每個成員都要輪流負責活動的準備工作。	Every member of the club takes turns preparing for the events.
擁有	她擁有一間小書店。	She owns a small bookstore.
擁有	他從小就擁有很好的語言天分，學什麼都很快。	He's had a great gift for languages since childhood and picks up anything quickly.
根本	他根本不知道這件事。	He doesn't know about this at all.
根本	你根本沒有仔細看就說不好，這樣對他不公平。	You said it was bad without even looking carefully; that's unfair to him.
注意	請注意安全。	Please be careful.
注意	開車時要注意前面的車子，不要一直看手機。	When driving, pay attention to the car ahead, and don't keep looking at your phone.
科學	我喜歡科學。	I like science.
科學	這個說法聽起來很有道理，但是沒有科學根據。	This claim sounds reasonable but has no scientific basis.
臺	歌手走上了舞臺。	The singer stepped onto the stage.
臺	他在國立臺灣大學念了四年書，現在在臺北工作。	He studied at National Taiwan University for four years and now works in Taipei.
製	這是台灣製的。	This is made in Taiwan.
製	這批口罩由國內工廠製造，品質很穩定。	These masks are made by a local factory, and the quality is very consistent.
軍	他爸爸是軍人。	His dad is a soldier.
軍	我哥哥在軍中服役，每個月只能放兩天假。	My brother is serving in the military and gets only two days off each month.
開發	他們在開發新遊戲。	They're developing a new game.
開發	公司花了兩年開發這款App，下個月終於要上線了。	The company spent two years developing this app, and it finally launches next month.
不僅	這家店不僅好吃，也很便宜。	This place is not only delicious but also cheap.
不僅	她不僅會彈鋼琴，還自己寫歌，朋友都很佩服她。	She not only plays piano but writes her own songs, and her friends admire her.
以為	我以為今天放假。	I thought today was a day off.
以為	我以為你已經回家了，原來你還在公司。	I thought you had gone home; turns out you're still at the office.
共	我們共有五個人。	There are five of us in total.
共	這次旅行共花了三萬塊，包括機票和住宿。	This trip cost thirty thousand in total, including flights and lodging.
原	我喜歡原味的洋芋片。	I like plain-flavored potato chips.
原	這件外套原價三千，現在特價一千五。	This jacket was originally three thousand and is now on sale for fifteen hundred.
執行	計畫已經開始執行。	The plan has started to be carried out.
執行	這項新規定將於下個月一日起執行，請各位同仁配合。	This new rule takes effect on the first of next month; colleagues, please comply.
專家	他是電腦專家。	He's a computer expert.
專家	專家提醒，天氣轉涼時要特別注意心血管的健康。	Experts remind people to take extra care of heart health when the weather turns cool.
怎麼樣	你的面試怎麼樣？	How was your interview?
怎麼樣	這家餐廳怎麼樣？聽說要排很久耶。	How's this restaurant? I heard you have to wait ages.
採用	公司採用了你的建議。	The company adopted your suggestion.
採用	這款手機採用新的晶片，速度比上一代快很多。	This phone uses a new chip and is much faster than the last generation.
最高	這是全台最高的大樓。	This is the tallest building in Taiwan.
最高	玉山是台灣最高的山，海拔將近四千公尺。	Yushan is Taiwan's highest mountain, at nearly four thousand meters.
民族	這個民族有自己的語言。	This ethnic group has its own language.
民族	台灣是個多元民族的社會，每個民族都有自己的節慶。	Taiwan is a multi-ethnic society, and each group has its own festivals.
用戶	這個App有上百萬用戶。	This app has over a million users.
用戶	用戶可以在設定裡修改自己的密碼。	Users can change their passwords in the settings.
米	我家每週買一包米。	My family buys a bag of rice every week.
米	這條巷子只有三米寬，大車子開不進來。	This alley is only three meters wide, so big vehicles can't get in.
聯繫	有事請和我聯繫。	Please contact me if anything comes up.
聯繫	我們好幾年沒聯繫了，前陣子才在同學會上重新見面。	We hadn't been in touch for years until we met again at a class reunion.
證明	請出示學生證明。	Please show your proof of student status.
證明	事實證明他的做法是對的，大家都不得不佩服他。	The facts proved his approach right, and everyone had to admire him.
部門	他在行銷部門工作。	He works in the marketing department.
部門	各部門的報告請在週五中午以前交給秘書。	Reports from every department should be submitted to the secretary by Friday noon.
不想	本想低調，不想上了新聞。	I wanted to keep a low profile, but unexpectedly made the news.
不想	原以為會下雨，不想竟是個大晴天。	I expected rain, but it turned out to be a bright sunny day.
仍然	他仍然在等你。	He's still waiting for you.
仍然	雖然已經過了十年，她仍然記得第一天上班的情形。	Even after ten years, she still remembers her first day at work.
保證	我保證不會遲到。	I promise I won't be late.
保證	這家店保證所有蔬菜都是當天早上現摘的。	This shop guarantees that all its vegetables are picked fresh that morning.
分享	我想跟你分享一件事。	I want to share something with you.
分享	她喜歡在社群上分享自己做的甜點和旅行照片。	She likes sharing her homemade desserts and travel photos on social media.
原來	原來你在這裡！	So you're here!
原來	原來他是我同事的哥哥，難怪看起來有點眼熟。	So he's my coworker's brother; no wonder he looked familiar.
唯一	這是我唯一的願望。	This is my one and only wish.
唯一	她是我們班唯一一個沒有遲到過的人。	She's the only one in our class who has never been late.
大陸	非洲是一塊大陸。	Africa is a continent.
大陸	他下個月要去大陸出差，順便拜訪客戶。	He's going to the mainland on a business trip next month and will visit clients too.
完	我寫完了。	I'm done writing.
完	報告還沒寫完，今晚大概又要加班了。	The report isn't finished yet, so I'll probably work overtime again tonight.
尤其	我愛吃水果，尤其是芒果。	I love fruit, especially mangoes.
尤其	夏天尤其要注意補充水分，以免中暑。	In summer you especially need to stay hydrated to avoid heatstroke.
式	這是一家日式料理店。	This is a Japanese-style restaurant.
式	這個房間是現代式的裝潢，簡單又明亮。	This room has a modern-style decor, simple and bright.
意義	這個決定很有意義。	This decision is very meaningful.
意義	對我來說，這張舊照片的意義比它的價錢重要得多。	To me, this old photo's significance matters far more than its price.
持續	雨會持續到明天。	The rain will continue until tomorrow.
持續	醫生說只要持續運動，血壓就會慢慢降下來。	The doctor says that with sustained exercise, your blood pressure will gradually come down.
方案	我們有兩個方案。	We have two options.
方案	這個方案不但便宜，而且很快就能完成。	This proposal is not only cheap but can also be done quickly.
有沒有	你有沒有帶傘？	Did you bring an umbrella?
有沒有	這附近有沒有賣早餐的店？我好餓。	Is there a breakfast place around here? I'm starving.
段	這一段很難懂。	This paragraph is hard to understand.
段	你可以把第二段的文字再改短一點嗎？	Could you shorten the text in the second paragraph a bit?
然而	他很努力，然而成績沒有進步。	He worked hard; however, his grades didn't improve.
然而	市區的房價不斷上漲，然而薪水卻幾乎沒有變。	Housing prices in the city keep rising, yet salaries have barely changed.
產業	台灣的半導體產業很發達。	Taiwan's semiconductor industry is highly developed.
產業	觀光產業受到疫情影響，不少民宿被迫暫停營業。	The tourism industry was hit by the pandemic, and many B&Bs had to suspend business.
真是	今天真是太熱了。	It's really too hot today.
真是	真是的，你怎麼又忘了帶鑰匙？	Honestly, how did you forget your keys again?
第一次	這是我第一次搭高鐵。	This is my first time taking the high-speed rail.
第一次	第一次到朋友家作客，我緊張得不知道該說什麼。	On my first visit to a friend's home, I was so nervous I didn't know what to say.
經常	他經常加班到很晚。	He often works late.
經常	我經常在下班後去公園跑步，順便放鬆一下。	I often go jogging in the park after work to relax a bit.
而是	他不是不想去，而是沒時間。	It's not that he doesn't want to go, but that he has no time.
而是	問題不在價錢，而是這家店的服務態度太差了。	The problem isn't the price but the shop's terrible service attitude.
行業	每個行業都有辛苦的地方。	Every line of work has its hardships.
行業	餐飲這個行業很辛苦，常常要站一整天。	The food service trade is tough, and you're often on your feet all day.
變成	水變成冰了。	The water turned into ice.
變成	小時候很怕狗的他，長大後竟然變成了愛狗人士。	He was scared of dogs as a kid, but grew up to become a dog lover.
軍隊	軍隊在災區幫忙清理。	The troops are helping with cleanup in the disaster area.
軍隊	颱風過後，軍隊協助居民清理淹水的街道。	After the typhoon, the military helped residents clean up the flooded streets.
那樣	不要那樣說話。	Don't talk like that.
那樣	我也想像你那樣，每天早起運動，可是真的好難。	I'd like to be like you too, exercising early every day, but it's really hard.
開放	博物館週末開放參觀。	The museum is open to visitors on weekends.
開放	這座公園每天早上六點開放，晚上十點關閉。	This park opens at six every morning and closes at ten at night.
面積	這間套房的面積很小。	This studio is very small in area.
面積	這間房子的面積大約三十坪，三房兩廳。	This house is about thirty ping in area, with three bedrooms and two living areas.
不再	我不再抽菸了。	I don't smoke anymore.
不再	他答應過媽媽，從此不再熬夜打電動。	He promised his mom he'd never stay up gaming again.
五	現在是五點。	It's five o'clock.
五	星期五晚上，我們五個人約好一起吃火鍋。	On Friday evening the five of us agreed to have hot pot together.
似乎	他似乎不太開心。	He doesn't seem very happy.
似乎	外面的雨似乎越下越大，我們還是等一下再走吧。	The rain outside seems to be getting heavier; let's wait a bit before leaving.
兒童	兒童票半價。	Children's tickets are half price.
兒童	這間圖書館有專門給兒童的閱讀區和說故事時間。	This library has a reading area and story time just for children.
几	窗邊的小几上放著一盆蘭花。	There's an orchid on the small table by the window.
協會	他加入了登山協會。	He joined the mountaineering association.
協會	這個協會每年都會舉辦淨灘活動，歡迎民眾報名參加。	The association holds a beach cleanup every year, and the public is welcome to sign up.
各國	各國代表都來了。	Representatives from every country came.
各國	各國的飲食習慣不同，所以出國前最好先做功課。	Eating habits differ from country to country, so do your homework before going abroad.
回家	我要回家了。	I'm going home now.
回家	下班後我想直接回家，煮一鍋熱湯麵來吃。	After work I want to go straight home and cook a pot of hot noodle soup.
外國	他住在外國。	He lives in a foreign country.
外國	很多外國遊客都喜歡逛台灣的夜市。	Many foreign tourists like to wander Taiwan's night markets.
宗教	你有宗教信仰嗎？	Do you have a religious belief?
宗教	台灣的宗教很多元，廟宇和教堂常常開在同一條街上。	Taiwan's religions are diverse, and temples and churches are often on the same street.
廣場	廣場上有很多人。	There are many people in the square.
廣場	每到週末，廣場上就有小朋友騎滑板車，大人坐在旁邊聊天。	Every weekend kids ride scooters on the plaza while adults sit around chatting.
憲法	這是國家的憲法。	This is the country's constitution.
憲法	憲法保障人民有言論自由，政府不能隨便限制。	The constitution guarantees freedom of speech, and the government can't restrict it arbitrarily.
教	我來教你。	Let me teach you.
教	我姊在國中教數學，學生都很喜歡她。	My sister teaches math at a junior high, and her students all like her.
既	這家店既便宜又好吃。	This place is both cheap and tasty.
既	他既要上班，又要照顧小孩，每天都很累。	He has to both work and look after the kids, so he's tired every day.
正常	一切都很正常。	Everything is normal.
正常	醫生說你的血壓正常，不用太擔心。	The doctor says your blood pressure is normal, so don't worry too much.
版本	這是最新版本。	This is the latest version.
版本	你的手機版本太舊了，所以這個App打不開。	Your phone's version is too old, which is why this app won't open.
發行	這本書明天發行。	This book comes out tomorrow.
發行	郵局今天發行了一套新的生肖郵票，很多人一早就去排隊。	The post office issued a new zodiac stamp set today, and many queued from early morning.
稱為	這種魚稱為虱目魚。	This fish is called milkfish.
稱為	台南的小吃有一種稱為擔仔麵的，很多觀光客都會點。	One Tainan snack is called danzai noodles, which many tourists order.
維護	我們要維護環境。	We should protect the environment.
維護	網站今晚會進行系統維護，大約兩小時後恢復服務。	The website will undergo system maintenance tonight and resume service in about two hours.
製造	這家工廠製造腳踏車。	This factory makes bicycles.
製造	他在工廠負責製造零件，每天都要檢查很多次。	He makes parts at the factory and checks them many times each day.
評論	請留下你的評論。	Please leave your comment.
評論	這部電影的網路評論兩極，有人愛有人不愛。	The online reviews of this movie are polarized; some love it, some don't.
越來越	天氣越來越熱了。	The weather is getting hotter and hotter.
越來越	現在越來越多人用手機付錢，很少帶現金了。	More and more people pay with their phones now and rarely carry cash.
過來	你過來一下。	Come over here for a second.
過來	這麼多工作我一個人忙不過來，可以請你幫我嗎？	I can't handle this much work alone; could you help me?
重	這次不算，我們重來吧。	That one doesn't count; let's do it again.
重	這部電影太好看，我打算週末再重看一遍。	This movie is so good I plan to watch it again this weekend.
開展	展覽下週開展。	The exhibition opens next week.
開展	學校今年開展了一系列的環保活動，鼓勵同學少用塑膠袋。	This year the school launched a series of eco activities encouraging students to use fewer plastic bags.
電腦	我的電腦壞了。	My computer is broken.
電腦	這台電腦開機要三分鐘，我真的受不了了。	This computer takes three minutes to boot, and I really can't stand it.
體系	這是一個完整的體系。	This is a complete system.
體系	台灣的健保體系讓看病變得很方便，也不用花太多錢。	Taiwan's health insurance system makes seeing a doctor convenient and not too costly.
不夠	錢不夠用。	The money isn't enough.
不夠	冰箱裡的菜不夠三個人吃，我們再去市場買一點吧。	The food in the fridge isn't enough for three, so let's buy more at the market.
亞	我們隊拿到亞軍。	Our team took second place.
亞	他在亞運會上拿下一面銀牌，全家都很驕傲。	He won a silver medal at the Asian Games, and his whole family is proud.
來到	我們來到海邊。	We arrived at the seaside.
來到	剛來到這個城市時，我連捷運都不太會搭。	When I first came to this city, I could barely ride the MRT.
傳	傳一張照片給我。	Send me a photo.
傳	你把會議時間傳到群組裡，大家才不會忘記。	Post the meeting time in the group chat so nobody forgets.
克	這包糖重一百克。	This bag of sugar weighs a hundred grams.
克	這碗牛肉麵的牛肉大約有一百五十克，吃起來很過癮。	The beef in this bowl of beef noodles is about 150 grams, very satisfying.
初	這本書出版於去年初。	This book was published early last year.
初	每年七月初，學校都會舉辦畢業典禮。	Every early July, the school holds its graduation ceremony.
北	往北走就到了。	Go north and you'll be there.
北	從台中一路往北開，大約兩小時就到台北了。	Driving north from Taichung, you reach Taipei in about two hours.
受傷	他腳受傷了。	His foot got injured.
受傷	昨天打球時不小心受傷，現在走路還有點痛。	I got hurt playing ball yesterday, and walking still hurts a bit.
哪個	你要哪個？	Which one do you want?
哪個	你覺得哪個顏色比較適合我？	Which color do you think suits me better?
地位	她在公司地位很高。	She holds a high position at the company.
地位	社會地位和賺多少錢，不一定能決定一個人快不快樂。	Social status and how much you earn don't necessarily decide whether someone is happy.
夢	我昨晚做了一個夢。	I had a dream last night.
夢	我夢到自己在考試，可是一題都不會寫，嚇到醒來。	I dreamed I was in an exam and couldn't answer a single question, and woke up in fright.
安排	你幫我安排一下。	Please arrange it for me.
安排	週末的行程我已經安排好了，早上先去爬山，下午看電影。	I've arranged the weekend plans: a hike in the morning, a movie in the afternoon.
對象	這項活動的對象是學生。	This activity is aimed at students.
對象	她最近在相親，希望能遇到適合的對象。	She's been going on blind dates lately, hoping to meet a suitable partner.
幹部	他是班上的幹部。	He's a class officer.
幹部	公司的中高階幹部下週要開會討論明年的計畫。	The company's mid-to-senior managers meet next week to discuss next year's plans.
必要	沒有必要這樣做。	There's no need to do it this way.
必要	必要的時候，我們可以請同事幫忙。	When necessary, we can ask coworkers for help.
成長	孩子成長得很快。	Children grow up fast.
成長	這份工作讓我成長了不少，也學會了怎麼和人溝通。	This job helped me grow a lot and learn how to communicate with people.
挑戰	我想挑戰自己。	I want to challenge myself.
挑戰	第一次參加馬拉松對我來說是很大的挑戰。	Joining a marathon for the first time is a big challenge for me.
擴大	店面打算擴大營業。	The shop plans to expand its business.
擴大	政府決定擴大補助範圍，讓更多家庭可以申請。	The government decided to broaden the subsidy scope so more families can apply.
文	我的英文不太好。	My English isn't very good.
文	他的文筆很好，寫的文章讀起來很舒服。	He writes well, and his articles are pleasant to read.
更新	手機該更新了。	The phone needs an update.
更新	系統更新完成後，請重新啟動電腦。	After the system update finishes, please restart the computer.
李	我喜歡吃李子。	I like eating plums.
李	李子醃過之後酸酸甜甜的，很適合當零食。	Pickled plums are sweet and sour, perfect as a snack.
概念	我不太懂這個概念。	I don't quite get this concept.
概念	老師用一張圖，把複雜的概念講得很簡單。	The teacher used one diagram to explain the complex concept simply.
海外	她在海外工作兩年了。	She's worked overseas for two years.
海外	很多海外的台灣人，過年時都會趕回家團圓。	Many Taiwanese living overseas rush home for Lunar New Year reunions.
爾	他偶爾也會自己下廚。	He occasionally cooks for himself too.
生物	生物課很有趣。	Biology class is interesting.
生物	海裡有各式各樣的生物，有些我們到現在還沒見過。	The sea has all kinds of living creatures, some of which we've never seen.
盡	我已經盡力了。	I've done my best.
盡	這次旅行吃遍夜市小吃，大家都玩得很盡興。	On this trip we ate our way through the night market snacks, and everyone had a great time.
移動	請幫我移動一下椅子。	Please move the chair for me.
移動	火車還在移動，請先坐好，不要站起來走動。	The train is still moving; please stay seated and don't walk around.
網友	網友們都在留言。	Netizens are all leaving comments.
網友	這則新聞出來後，不少網友在底下留言表達看法。	After this news came out, many netizens left comments sharing their views.
背景	照片的背景是一座山。	The photo's background is a mountain.
背景	要了解這起事件，必須先知道它的歷史背景。	To understand this incident, you first need to know its historical background.
蘋果	我每天吃一顆蘋果。	I eat an apple every day.
蘋果	這種蘋果又脆又甜，一顆就要五十塊。	This kind of apple is crisp and sweet, and costs fifty dollars each.
言	他言而有信。	He keeps his word.
言	網路上的不當言論，可能會讓別人受到傷害。	Inappropriate remarks online can hurt other people.
語	我正在學日語。	I'm learning Japanese.
語	他的母語是台語，所以跟阿嬤聊天都用台語。	His mother tongue is Taiwanese, so he speaks it when chatting with his grandma.
貢獻	他對公司貢獻很大。	He has contributed a lot to the company.
貢獻	這位老師一輩子貢獻給教育，很多學生都記得她。	This teacher devoted her whole life to education, and many students remember her.
身份	他的身份是學生。	His status is student.
身份	辦理手續時，請出示可以證明身份的證件。	When doing the paperwork, please show a document that proves your identity.
遇到	我在路上遇到老師。	I ran into my teacher on the street.
遇到	如果遇到問題，不要自己硬撐，可以問問同事。	If you run into problems, don't struggle alone; ask your coworkers.
鏈接	請點選下方鏈接。	Please click the link below.
集	我追完了第一集。	I finished watching episode one.
集	這部戲一共三十集，我花了兩個週末才追完。	This series has thirty episodes, and it took me two weekends to finish.
面臨	公司面臨很大的壓力。	The company faces great pressure.
面臨	不少年輕人面臨買不起房子的問題。	Many young people face the problem of not being able to afford a home.
駐	公司派他駐新加坡。	The company posted him to Singapore.
駐	駐外人員每隔幾年就要調動一次，家人也得跟著搬家。	Staff posted abroad get reassigned every few years, and their families must move too.
一旦	一旦下雨，比賽就取消。	Once it rains, the game is cancelled.
一旦	一旦養成早睡的習慣，隔天的精神就會好很多。	Once you form the habit of sleeping early, you'll feel much more energetic the next day.
之中	他在人群之中找朋友。	He's looking for his friend in the crowd.
之中	在這些照片之中，我最喜歡這一張。	Of all these photos, I like this one best.
修改	請修改這份報告。	Please revise this report.
修改	老闆要我把簡報的標題再修改一次。	The boss wants me to revise the slide title once more.
出去	我出去一下。	I'm stepping out for a moment.
出去	外面下大雨，你現在出去會淋濕的。	It's pouring outside; you'll get soaked if you go out now.
包含	價錢包含稅金。	The price includes tax.
包含	這個套餐包含一杯飲料和一份小菜。	This set meal includes a drink and a side dish.
各位	各位好。	Hello, everyone.
各位	各位同學，請把手機調成靜音，考試要開始了。	Everyone, please silence your phones; the exam is about to start.
嗯	嗯，我知道了。	Mm, got it.
嗯	嗯……我再想想看，晚點回覆你。	Hmm... let me think about it and I'll reply later.
多個	桌上有多個杯子。	There are several cups on the table.
多個	這個專案需要多個部門一起合作才能完成。	This project needs multiple departments to work together.
如今	如今大家都用手機。	Nowadays everyone uses a phone.
如今	這裡以前是一片稻田，如今蓋滿了大樓。	This used to be rice paddies, but now it's full of tall buildings.
家族	我們是大家族。	We're a big family.
家族	每年過年，整個家族都會回老家團聚。	Every Lunar New Year, the whole clan returns to the old family home for a reunion.
小姐	小姐，請問廁所在哪裡？	Excuse me, miss, where is the restroom?
小姐	那位小姐說她可以幫我們拍合照。	That young woman said she could take a group photo for us.
展開	把地圖展開看看。	Unfold the map and take a look.
展開	兩國代表明天將展開第一輪會談。	Delegates of the two countries will begin the first round of talks tomorrow.
幾年	他在台灣住了好幾年。	He has lived in Taiwan for quite a few years.
幾年	過了幾年，這條街完全變了樣，連老店都搬走了。	A few years later, this street had changed completely, and even the old shops moved away.
待	我在家待了一天。	I stayed home all day.
待	這次出差我會在台南待三天，順便吃小吃。	On this business trip I'll stay in Tainan for three days and try the street food.
忙	我最近很忙。	I've been busy lately.
忙	你先忙，我晚點再打給你。	You go ahead and get on with things; I'll call you back later.
或是	你要喝茶或是咖啡？	Would you like tea or coffee?
或是	週末我通常在家看書，或是跟朋友出去走走。	On weekends I usually read at home or go out for a walk with friends.
拍攝	他在拍攝短片。	He's shooting a short film.
拍攝	這部紀錄片花了三年才拍攝完成。	This documentary took three years to shoot.
提升	我想提升英文能力。	I want to improve my English.
提升	公司提供課程，幫助員工提升專業能力。	The company offers courses to help employees raise their professional skills.
教學	她在國小教學。	She teaches at an elementary school.
教學	這位老師的教學方式很生動，學生都很愛上他的課。	This teacher's way of teaching is lively, and students love his classes.
東北	風從東北吹來。	The wind blows from the northeast.
東北	東北季風一來，基隆就常常下雨。	When the northeast monsoon arrives, it often rains in Keelung.
機制	這是新的機制。	This is a new mechanism.
機制	學校建立了通報機制，一發現問題就能馬上處理。	The school set up a reporting mechanism so problems can be handled as soon as they're found.
民間	這是民間傳說。	This is a folk legend.
民間	這個故事在民間流傳了很多年，每個地方的版本都不一樣。	This story has circulated among the people for years, and every region has its own version.
爸爸	我爸爸去上班了。	My dad has gone to work.
爸爸	我爸爸每個週末都會去河堤騎腳踏車。	My dad rides his bike along the riverbank every weekend.
留下	請留下電話。	Please leave your phone number.
留下	他沒說什麼，只留下一張紙條就走了。	He said nothing, just left a note and walked away.
白	這件襯衫是白的。	This shirt is white.
白	我白跑了一趟，店今天公休。	I made the trip for nothing; the shop is closed today.
確認	請再確認一次。	Please confirm once more.
確認	出發前請先確認護照有沒有帶。	Before leaving, please check that you have your passport.
符合	這符合規定。	This meets the regulations.
符合	他的條件符合我們的需求，所以公司決定錄取他。	His qualifications match our needs, so the company decided to hire him.
緊張	我有點緊張。	I'm a bit nervous.
緊張	上台報告之前，我緊張得手心都在冒汗。	Before presenting on stage, I was so nervous my palms were sweating.
良好	他的成績良好。	His grades are good.
良好	良好的睡眠習慣，對身體健康很有幫助。	Good sleep habits are very helpful for your health.
觀察	我在觀察小鳥。	I'm watching the little birds.
觀察	醫生說要再觀察兩天，才能決定要不要開刀。	The doctor says he needs two more days of observation before deciding on surgery.
費用	費用是多少？	How much is the fee?
費用	這次出國的費用，大概要十萬元左右。	The cost of this overseas trip will be around a hundred thousand dollars.
進口	這是進口水果。	This is imported fruit.
進口	這些進口水果因為運費高，所以價錢比較貴。	These imported fruits are pricier because of high shipping costs.
錶	我的錶壞了。	My watch is broken.
錶	他戴著一支舊錶，是爺爺留給他的。	He wears an old watch his grandfather left him.
預算	我們的預算有限。	Our budget is limited.
預算	裝潢預算只有三十萬，所以我們得選便宜一點的材料。	The renovation budget is only three hundred thousand, so we have to pick cheaper materials.
騙	他騙了我。	He lied to me.
騙	接到陌生電話說你中獎，千萬別被騙了。	If a stranger calls to say you've won a prize, don't get scammed.
上市	新手機上市了。	The new phone is on the market.
上市	這家公司預計明年在台灣上市，股價受到很多人關注。	This company is expected to go public in Taiwan next year, and its share price is drawing attention.
主持	他主持這場會議。	He is chairing this meeting.
主持	這個節目由她主持，已經三年了。	She has hosted this show for three years.
交	請交作業。	Please hand in your homework.
交	房租要在每個月五號以前交給房東。	The rent must be paid to the landlord before the fifth of each month.
佔領	軍隊佔領了城市。	The army seized the city.
佔領	學生佔領議場，要求政府正面回應。	Students occupied the legislature, demanding a direct response from the government.
做到	我做到了！	I did it!
做到	說到就要做到，不要只是嘴巴說說而已。	If you say it, do it; don't just talk.
具備	他具備豐富經驗。	He has plenty of experience.
具備	應徵這份工作，必須具備基本的英文能力。	To apply for this job, you must have basic English skills.
剛才	剛才有人找你。	Someone was looking for you a moment ago.
剛才	剛才的會議我沒聽清楚，可以再說一次嗎？	I didn't catch what was said in the meeting just now; could you repeat it?
即將	火車即將進站。	The train is about to arrive at the station.
即將	展覽即將結束，想看的人要趕快去。	The exhibition ends soon, so those who want to see it should hurry.
可愛	你的狗好可愛。	Your dog is so cute.
可愛	這個小女孩笑起來很可愛，大家都想捏捏她的臉。	This little girl is adorable when she smiles, and everyone wants to pinch her cheeks.
命運	命運很難說。	Fate is hard to predict.
命運	他相信自己的命運是掌握在自己手裡的。	He believes his fate is in his own hands.
因而	他努力學習，因而通過了考試。	He studied hard and therefore passed the exam.
因而	這一帶交通方便，因而吸引不少年輕人搬來。	This area has convenient transportation and thus attracts many young people to move in.
基於	基於安全考量，今天暫停營業。	For safety reasons, we're closed today.
基於	基於以上理由，我們決定延後活動。	Based on the reasons above, we decided to postpone the event.
大多	我的朋友大多住在台北。	Most of my friends live in Taipei.
大多	這家店的客人大多是附近的上班族。	Most of this shop's customers are office workers nearby.
奇怪	這味道很奇怪。	This smell is strange.
奇怪	奇怪，我明明把鑰匙放在桌上，怎麼不見了？	Weird, I clearly put my keys on the table; where did they go?
定義	你怎麼定義幸福？	How do you define happiness?
定義	每個人對成功的定義都不一樣。	Everyone defines success differently.
小孩	這個小孩很乖。	This child is very well-behaved.
小孩	我家附近有很多小孩在公園玩。	There are lots of kids playing in the park near my home.
差異	兩者差異不大。	The difference between the two is small.
差異	南部和北部的飲食習慣有些差異，例如口味的甜淡。	Eating habits differ a bit between the south and north, such as how sweet the flavors are.
幸運	你真幸運！	You're so lucky!
幸運	今天很幸運地趕上最後一班車，不然就得走路回家了。	I was lucky enough to catch the last bus today; otherwise I'd have walked home.
心中	他心中很難過。	He feels very sad inside.
心中	她心中一直有個夢想，就是開一家小書店。	She has always had a dream in her heart: to open a little bookstore.
感	他很有幽默感。	He has a good sense of humor.
感	剛搬進新家，總覺得少了一點安全感。	Having just moved into the new home, I somehow lack a bit of a sense of security.
房子	這棟房子很舊。	This house is very old.
房子	他們在郊區買了一間房子，打算以後退休住。	They bought a house in the suburbs and plan to live there after retiring.
採訪	記者在採訪市民。	The reporter is interviewing citizens.
採訪	記者到現場採訪，請民眾分享災後的心情。	Reporters went to the scene to interview people about how they feel after the disaster.
收購	大公司收購了這家小店。	A big company acquired this little shop.
收購	這家連鎖企業宣布收購一家本土手搖飲品牌。	This chain announced it will acquire a local bubble-tea brand.
日報	爸爸每天看日報。	Dad reads the daily paper every day.
日報	這份日報創刊已經超過七十年，在地方上很有影響力。	This daily newspaper has been published for over seventy years and is influential locally.
會員	我是會員。	I'm a member.
會員	成為會員之後，每次購物都可以累積點數。	Once you become a member, you earn points with every purchase.
森林	森林裡很涼。	It's cool in the forest.
森林	阿里山的森林在清晨會起霧，很多人特地早起去看。	The forest in Alishan gets misty at dawn, and many people get up early just to see it.
海軍	他在海軍服役。	He serves in the navy.
海軍	海軍的軍艦今天抵達港口，開放民眾參觀。	The navy's warship arrived at port today and is open to visitors.
為主	我吃東西以清淡為主。	I mainly eat light food.
為主	這家餐廳以海鮮料理為主，也有素食選擇。	This restaurant mainly serves seafood, but also has vegetarian options.
特定	特定的人才能進去。	Only certain people can go in.
特定	這個App只在特定時段提供免費下載，錯過就要付費了。	This app is free to download only during certain periods; after that you have to pay.
留	請留一個位子給我。	Please save me a seat.
留	我媽每次煮飯都會多留一碗給晚回家的爸爸。	Whenever my mom cooks, she saves an extra bowl for dad when he gets home late.
皇帝	皇帝住在皇宮裡。	The emperor lived in the palace.
皇帝	故宮展出了清朝皇帝用過的龍袍和玉璽。	The National Palace Museum is showing robes and seals used by Qing emperors.
票	我買了兩張票。	I bought two tickets.
票	演唱會的票一開賣就被搶光了，我根本買不到。	The concert tickets sold out the moment they went on sale, and I couldn't get any.
等待	請耐心等待。	Please wait patiently.
等待	等待結果的那幾天，我緊張得睡不著。	In the days waiting for the results, I was too nervous to sleep.
組合	這是新的顏色組合。	This is a new color combination.
組合	這個樂團是由四個高中同學組合而成的。	This band was formed by four high school classmates.
罵	媽媽罵了我。	Mom scolded me.
罵	他因為上班遲到，被老闆罵了一頓。	He got scolded by the boss for being late to work.
股	廚房傳來一股香味。	A nice smell is coming from the kitchen.
股	他心裡突然湧起一股衝動，想馬上辭職去旅行。	A sudden urge welled up in him to quit and go traveling.
航空	這是一家航空公司。	This is an airline company.
航空	航空公司宣布，因為颱風，今天所有班機都取消。	The airline announced that all flights are cancelled today due to the typhoon.
衝	小朋友衝進教室。	The kids rushed into the classroom.
衝	快遲到了，他一路衝向公車站。	He was running late and dashed all the way to the bus stop.
角度	換個角度想想看。	Try thinking from a different angle.
角度	這張照片的角度很特別，看起來像從空中拍的。	The angle of this photo is unusual; it looks like it was shot from the air.
詳細	請說得詳細一點。	Please explain in more detail.
詳細	詳細的行程我會再用電子郵件寄給大家。	I'll email everyone the detailed itinerary later.
象	這隻象好大喔。	This elephant is so big!
象	泰國的象會用鼻子噴水，小朋友看了都很開心。	Elephants in Thailand spray water with their trunks, and the kids were delighted.
走向	河流的走向由北到南。	The river runs from north to south.
走向	這齣戲的劇情走向完全出乎大家的意料。	The way the plot of this show develops took everyone by surprise.
追求	他追求自己的夢想。	He pursues his dreams.
追求	她追求的不是高薪，而是能有彈性的工作時間。	What she's after isn't a high salary but flexible working hours.
違反	這違反規定。	This breaks the rules.
違反	在這裡停車違反交通規則，可能會被開罰單。	Parking here violates traffic rules and may get you a ticket.
配合	謝謝你的配合。	Thank you for your cooperation.
配合	為了配合大家的時間，會議改到下午三點。	To fit everyone's schedule, the meeting was moved to three p.m.
順利	一切都很順利。	Everything went smoothly.
順利	面試進行得很順利，主管說下週就會通知結果。	The interview went smoothly, and the manager said they'll notify me next week.
馬上	我馬上到。	I'll be there right away.
馬上	你先坐一下，餐點馬上就來。	Have a seat; your food will be right out.
龍	龍是傳說中的動物。	The dragon is a legendary creature.
龍	端午節的龍舟比賽上，每艘船都畫著一條龍。	At the Dragon Boat Festival race, every boat is decorated with a dragon.
上傳	我要上傳照片。	I'm going to upload the photos.
上傳	影片太大了，上傳花了快一個小時。	The video was so big that uploading took almost an hour.
不該	你不該說謊。	You shouldn't lie.
不該	他不該一個人半夜在外面亂晃，家人都很擔心。	He shouldn't wander around outside alone at midnight; his family is worried.
今晚	今晚吃火鍋。	We're having hot pot tonight.
今晚	今晚有颱風，建議大家早點回家。	There's a typhoon tonight, so everyone should head home early.
保存	請好好保存。	Please keep it safe.
保存	這些老照片要放在乾燥的地方保存，才不會發霉。	These old photos should be stored somewhere dry so they don't get moldy.
傾向	我傾向選第二個方案。	I lean toward the second option.
傾向	調查顯示，有越來越多民眾傾向使用行動支付。	Surveys show more and more people tend to use mobile payments.
公主	她是一位公主。	She is a princess.
公主	小女孩最愛看公主的故事，還要媽媽幫她買公主裙。	The little girl loves princess stories and asks her mom to buy her a princess dress.
到達	我們已經到達機場。	We've already reached the airport.
到達	請在九點以前到達會場，以免耽誤開幕式。	Please arrive at the venue before nine so you don't delay the opening ceremony.
印象	我對他印象很好。	I have a good impression of him.
印象	這間咖啡店給我的印象很深，尤其是店裡的木頭桌椅。	This café left a deep impression on me, especially its wooden tables and chairs.
吃飯	我們去吃飯吧。	Let's go eat.
吃飯	吃飯的時候不要一直看手機，對身體也不好。	Don't keep looking at your phone while eating; it's bad for you too.
品質	這家的品質很好。	The quality here is very good.
品質	他們的產品品質穩定，所以客人才會一直回購。	Their product quality is consistent, which is why customers keep buying.
回去	我要回去了。	I'm heading back now.
回去	太晚了，我送你回去吧。	It's too late; let me take you back.
垃圾	垃圾要分類。	Garbage must be sorted.
垃圾	垃圾車晚上七點會經過，記得提早把垃圾拿出去。	The garbage truck comes by at seven p.m., so remember to take the trash out early.
失望	我對結果很失望。	I'm disappointed with the result.
失望	老闆原本答應加薪，最後卻沒做到，大家都很失望。	The boss had promised a raise but didn't follow through, and everyone was disappointed.
學術	這是學術研究。	This is academic research.
學術	他一直在大學裡做學術研究，很少參加社交活動。	He's always done academic research at the university and rarely goes to social events.
專	這家店專賣舊書。	This shop sells only second-hand books.
專	這本書是專為小朋友設計的，字大圖多。	This book is designed specially for kids, with big print and lots of pictures.
巴	我巴不得今天放假。	I'm dying for today to be a day off.
巴	他巴不得趕快下班，好去看今晚的球賽。	He can't wait to get off work and watch tonight's game.
弟弟	我弟弟在念國中。	My younger brother is in junior high.
弟弟	我弟弟最近迷上了打籃球，每天放學都待在球場。	My little brother is into basketball lately and stays on the court every day after school.
微	他微笑著點頭。	He nodded with a smile.
微	今天的風微涼，很適合出去散步。	The wind is slightly cool today, perfect for a walk.
想象	我無法想象沒有手機的生活。	I can't imagine life without a phone.
想象	小孩的想象力很豐富，常常畫出奇怪的動物。	Kids have rich imaginations and often draw strange animals.
戰士	他是勇敢的戰士。	He is a brave warrior.
戰士	電影裡的戰士手拿長劍，一個人對抗整支軍隊。	The warrior in the movie holds a long sword and fights a whole army alone.
批判	他常批判別人。	He often criticizes others.
批判	這篇評論尖銳批判了政府的住宅政策。	This commentary sharply criticized the government's housing policy.
搭	我搭公車上班。	I take the bus to work.
搭	明天要早起搭高鐵去高雄開會。	Tomorrow I have to get up early to take the high-speed rail to Kaohsiung for a meeting.
早就	我早就知道了。	I knew that long ago.
早就	這間店早就倒了，你怎麼還以為它在營業？	That shop closed ages ago; how could you think it's still open?
本質	問題的本質不在價錢。	The heart of the problem isn't the price.
本質	看事情要看本質，不要只被表面的樣子騙了。	Look at the essence of things; don't be fooled by appearances.
樹	公園裡有很多樹。	There are many trees in the park.
樹	這棵老樹已經在這裡站了一百年。	This old tree has stood here for a hundred years.
此次	此次活動很成功。	This event was a great success.
此次	此次颱風造成南部多處淹水，請民眾注意安全。	This typhoon caused flooding in many parts of the south; please stay safe.
治	這種病很難治。	This illness is hard to cure.
治	他的病拖了很久，終於治好了。	His illness dragged on a long time but was finally cured.
混亂	現場一片混亂。	The scene was in chaos.
混亂	停電之後，路口的交通變得非常混亂。	After the power outage, traffic at the intersection became chaotic.
為止	報名到週五為止。	Registration closes on Friday.
為止	到今天為止，已經有一百人報名參加了。	As of today, one hundred people have signed up.
理	你說得有道理。	What you say makes sense.
理	他脾氣很大，說什麼都不講理，大家都不想跟他吵。	He has a bad temper and won't listen to reason, so nobody wants to argue with him.
當天	活動當天我有空。	I'm free on the day of the event.
當天	請在考試當天帶身分證和准考證。	Please bring your ID and exam admission slip on exam day.
相反	結果剛好相反。	The result was exactly the opposite.
相反	我以為他會生氣，相反地，他笑得很開心。	I thought he'd be angry, but on the contrary, he laughed happily.
禮物	這是送你的禮物。	This is a gift for you.
禮物	她拆開禮物，發現是一條她一直想要的圍巾。	She unwrapped the gift and found a scarf she'd always wanted.
簡介	這是公司簡介。	This is a company profile.
簡介	網站上有這位作者的簡介，你可以先看一下。	The website has a short bio of this author; take a look first.
美好	今天是美好的一天。	Today is a beautiful day.
美好	回想起大學時代，那些美好的日子現在還讓人懷念。	Thinking back to college, I still miss those wonderful days.
股票	他買了股票。	He bought stocks.
股票	爸爸退休後開始研究股票，每天看盤到很晚。	After retiring, Dad started studying stocks and watches the market late every day.
舞臺	歌手站上舞臺。	The singer stood on the stage.
舞臺	這座舞臺在公園中央，每個週末都有街頭藝人表演。	This stage is in the middle of the park, with street performers every weekend.
蘇	紫蘇梅的味道酸酸甜甜的。	Pickled perilla plums taste sweet and sour.
蘇	紫蘇葉可以拿來包烤肉，味道很清香。	Perilla leaves can be used to wrap grilled meat and have a fresh fragrance.
觀	外國遊客來台灣觀光。	Foreign tourists come to Taiwan for sightseeing.
觀	每年春天，很多人到陽明山觀賞花季。	Every spring many people go to Yangmingshan to enjoy the flower season.
詩	我喜歡讀詩。	I like reading poetry.
詩	這首詩很短，可是每次讀都有不一樣的感覺。	This poem is short, but I feel something different each time I read it.
象徵	鴿子象徵和平。	The dove symbolizes peace.
象徵	紅色在農曆新年象徵好運，所以大家都包紅包。	Red symbolizes good luck at Lunar New Year, so everyone gives red envelopes.
賽	今天有一場籃球賽。	There's a basketball game today.
賽	這次的校際賽，我們班拿到第一名。	In this inter-school competition, our class won first place.
輛	路邊停了三輛機車。	Three scooters are parked by the road.
輛	這輛公車每十分鐘一班，所以不用等太久。	This bus comes every ten minutes, so you don't have to wait long.
進攻	球隊開始進攻。	The team began to attack.
進攻	球隊在下半場加強進攻，終於追平了比數。	The team stepped up its attack in the second half and finally tied the score.
金屬	這個盒子是金屬的。	This box is made of metal.
金屬	金屬在高溫下會變軟，所以操作時要特別小心。	Metal softens at high temperatures, so be extra careful when working with it.
雖	雖然下雨，我還是出門了。	Although it was raining, I went out anyway.
雖	雖然價錢不便宜，但是品質真的很好。	Although it's not cheap, the quality really is good.
題	這題我不會。	I can't do this question.
題	考試最後一題很難，大家都寫不出來。	The last exam question was hard and nobody could answer it.
高速	高速公路上很塞。	The expressway is jammed.
高速	在高速公路上開車，一定要保持安全距離。	When driving on the expressway, always keep a safe distance.
一周	這件事要一周才能完成。	This will take a week to finish.
一周	我每天都運動，一周大約跑三次步。	I exercise every day and jog about three times a week.
不見	我的錢包不見了。	My wallet is missing.
不見	昨天才買的傘，今天就不見了，真是莫名其妙。	I bought this umbrella just yesterday and it's gone today; what a mystery.
之類	我愛吃蘋果、香蕉之類的水果。	I love fruit like apples and bananas.
之類	超商有賣飯糰、三明治之類的東西，你可以先墊墊肚子。	The convenience store sells things like rice balls and sandwiches; you can have something first.
人體	人體有七成是水。	Seventy percent of the human body is water.
人體	這項研究想知道咖啡因對人體有什麼影響。	This study wants to know how caffeine affects the human body.
似的	他高興得像小孩似的。	He's as happy as a little kid.
似的	他跑得像風似的，一下子就不見人影了。	He ran like the wind and was out of sight in no time.
依賴	不要太依賴別人。	Don't depend on others too much.
依賴	現在很多人太依賴手機，連路都不看。	Many people nowadays depend on their phones so much they don't even look at the road.
個性	他的個性很開朗。	He has a cheerful personality.
個性	我們個性完全不同，不過還是成了好朋友。	Our personalities are totally different, but we still became good friends.
內閣	內閣今天開會。	The cabinet meets today.
內閣	新內閣成員下週將宣誓就職。	The new cabinet members will be sworn in next week.
其餘	其餘的人先回家。	The rest of you go home first.
其餘	第一名可以拿到獎金，其餘的人只有紀念品。	First place gets prize money; the rest only get souvenirs.
分開	他們分開了。	They broke up.
分開	這兩種垃圾要分開丟，不能放在一起。	These two kinds of trash must be thrown away separately, not together.
前來	歡迎前來參觀。	Welcome to visit.
前來	感謝各位前來參加我們的婚禮。	Thank you all for coming to our wedding.
加以	這個問題需要加以改善。	This problem needs to be improved.
加以	對於新員工，公司會加以訓練，讓他們盡快上手。	The company trains new employees so they can get up to speed quickly.
協定	兩國簽了協定。	The two countries signed an agreement.
協定	雙方經過長時間談判，終於達成貿易協定。	After lengthy negotiations, the two sides finally reached a trade agreement.
口號	這個口號很響亮。	This slogan is catchy.
口號	球迷在場邊喊口號，為球隊加油。	Fans chanted slogans at the sideline to cheer on the team.
合併	兩家公司要合併。	The two companies will merge.
合併	學校學生太少，兩間小學決定合併。	With too few students, the two elementary schools decided to merge.
呈	天空呈橘紅色。	The sky is orange-red.
呈	這塊地的地形呈三角形，看起來像一片葉子。	This plot of land is triangular, looking like a leaf.
商人	他是一位商人。	He is a businessman.
商人	這位商人從小跟著爸爸做生意，經驗很豐富。	This merchant followed his father in business since childhood and has plenty of experience.
在家	我今天在家。	I'm at home today.
在家	週末我喜歡在家看書，不想出門。	On weekends I like to read at home and don't want to go out.
報導	新聞報導說明天會下雨。	The news report says it will rain tomorrow.
報導	這則報導引起很多人討論。	This report triggered a lot of discussion.
夜	夜深了，該睡了。	It's late at night; time to sleep.
夜	夜裡的海邊很安靜，只聽得到浪聲。	The beach at night is quiet; you can only hear the waves.
大道	這條大道很寬。	This avenue is very wide.
大道	我們沿著大道一直走，就到了公園。	We walked straight along the avenue and reached the park.
奇	七是奇數，八是偶數。	Seven is odd, eight is even.
奇	這個號碼是奇數，所以你要從左邊的門進場。	This number is odd, so you enter through the left door.
宣言	他們發表了共同宣言。	They issued a joint declaration.
宣言	這份宣言表達了學生們對校園生活的期望。	This declaration expresses students' hopes for campus life.
專題	我在做一個專題。	I'm working on a project.
專題	這期雜誌的專題是介紹台灣的老街。	This issue's feature is about Taiwan's old streets.
居	一家人居住在高雄。	The family lives in Kaohsiung.
差不多	兩個差不多大。	The two are about the same size.
差不多	我們差不多該出發了，不然會趕不上車。	We should be leaving soon, or we'll miss the train.
幻想	小孩喜歡幻想。	Kids like to fantasize.
幻想	別再幻想中樂透了，還是腳踏實地工作吧。	Stop fantasizing about winning the lottery and just work steadily.
引導	老師引導學生思考。	The teacher guides students to think.
引導	志工引導民眾沿著指示牌，依序離開會場。	Volunteers guided people along the signs to leave the venue in order.
得知	我得知這個好消息。	I learned this good news.
得知	我們從新聞得知高速公路出了車禍，所以改走別條路。	We learned from the news there was an accident on the expressway, so we took another road.
性感	這件洋裝很性感。	This dress is very sexy.
性感	這位歌手以性感的舞蹈聞名。	This singer is known for her sexy dancing.
意味著	這意味著什麼？	What does this mean?
意味著	氣溫持續下降，意味著冬天快到了。	The temperature keeps dropping, which means winter is near.
戲	今晚要看戲。	We're going to a play tonight.
戲	這齣戲演了三個小時，但大家都看得很入迷。	This play ran three hours, but everyone was absorbed.
抵達	我們抵達台北了。	We've arrived in Taipei.
抵達	飛機預計下午三點抵達桃園機場。	The plane is expected to arrive at Taoyuan Airport at three p.m.
排	他排在我前面。	He's in line in front of me.
排	小籠包店外排了一長串人，我們等了快一個小時。	A long line formed outside the soup dumpling shop, and we waited almost an hour.
摸	不要摸小狗。	Don't touch the puppy.
摸	這件毛衣摸起來很柔軟。	This sweater feels very soft to the touch.
教訓	他被爸爸教訓了一頓。	His dad gave him a lecture.
教訓	這次的失敗是個教訓，下次要早點準備。	This failure is a lesson; next time, prepare earlier.
早期	這是早期的照片。	This is an early photo.
早期	台灣早期的農村生活很簡單，大家互相幫忙。	Early rural life in Taiwan was simple, and everyone helped one another.
月份	你是幾月份出生的？	What month were you born?
月份	台灣的颱風大多集中在七月到九月這幾個月份。	Typhoons in Taiwan are mostly concentrated in the months from July to September.
楊	路旁種著一排楊樹。	A row of poplars is planted along the road.
楊	秋天的楊樹葉子變黃，風一吹就沙沙作響。	In autumn the poplar leaves turn yellow and rustle in the wind.
檢驗	食品需要檢驗。	Food needs to be inspected.
檢驗	市場上的水果都要經過農藥檢驗，才可以販賣。	Fruit at the market must pass a pesticide test before it can be sold.
民	市民都很關心這件事。	The citizens all care about this.
民	村民們合力修好了被颱風吹壞的橋。	The villagers worked together to repair the bridge damaged by the typhoon.
活著	他還活著。	He's still alive.
活著	能健康地活著，比什麼都重要。	Being alive and healthy matters more than anything.
演講	他明天要演講。	He's giving a speech tomorrow.
演講	校長在畢業典禮上發表演講，鼓勵大家勇敢追夢。	The principal gave a speech at graduation, encouraging everyone to chase their dreams.
焦點	他是大家的焦點。	He's the center of attention.
焦點	這起事件成為今天新聞的焦點。	This incident became the focus of today's news.
王國	這是個小王國。	This is a small kingdom.
王國	童話故事裡的王國有高高的城堡和美麗的花園。	The kingdom in the fairy tale has tall castles and beautiful gardens.
界	她是演藝界的人。	She works in the entertainment industry.
界	這兩個國家以一條河為界，兩岸風景很不一樣。	The two countries are divided by a river, and the scenery on each bank is very different.
發言	請舉手發言。	Please raise your hand to speak.
發言	會議上每個人都有機會發言，不要打斷別人。	Everyone gets a chance to speak at the meeting, so don't interrupt.
研究所	他在讀研究所。	He's in graduate school.
研究所	我大學畢業後想考研究所，繼續念資訊工程。	After college I want to take the grad school exam and continue in information engineering.
種子	把種子種在土裡。	Plant the seeds in the soil.
種子	這些種子要先泡水一晚，才比較容易發芽。	These seeds should be soaked overnight so they sprout more easily.
競賽	他參加數學競賽。	He's joining a math competition.
競賽	這項全國競賽吸引了上百所學校報名參加。	This national contest drew hundreds of schools to sign up.
純	這是純棉的。	This is pure cotton.
純	這杯果汁是純的，沒有加糖也沒有加水。	This juice is pure, with no added sugar or water.
總之	總之，先試試看。	Anyway, let's try it first.
總之	預算、時間、人手都不夠，總之，這個計畫現在做不起來。	Budget, time and people are all lacking; in short, this plan can't be done now.
聯	兩家店決定聯手合作。	The two shops decided to team up.
聯	老闆想聯合幾家店一起辦活動。	The boss wants to join several shops to hold an event together.
自主	她從小就很自主。	She has been independent since childhood.
自主	學校鼓勵學生自主學習，不要只靠老師教。	The school encourages students to learn independently rather than rely only on teachers.
色彩	這幅畫色彩很豐富。	This painting is rich in color.
色彩	這個節慶充滿了濃厚的地方色彩。	This festival is full of strong local flavor.
藍色	我喜歡藍色。	I like blue.
藍色	他的新書包是藍色的，上面有一隻小熊。	His new backpack is blue with a little bear on it.
襬	裙襬太長了。	The hem is too long.
襬	她提起裙襬，小心地走上樓梯。	She lifted her hem and carefully went up the stairs.
謀殺	這是一起謀殺案。	This is a murder case.
謀殺	警方懷疑這是一起謀殺案，正在調查現場。	The police suspect this is a murder and are investigating the scene.
貴	這家店很貴。	This shop is expensive.
貴	這支手機太貴了，我想再等等，看會不會降價。	This phone is too expensive; I'll wait to see if the price drops.
趙	我姓趙，請多指教。	My surname is Zhao; pleased to meet you.
輿論	輿論很關注這件事。	Public opinion is paying close attention to this.
輿論	輿論壓力太大，這位官員最後決定辭職。	The pressure of public opinion was so great that the official decided to resign.
近期	近期天氣不穩定。	The weather has been unstable recently.
近期	近期內我沒有出國的計畫，打算先把錢存起來。	I have no plans to go abroad soon; I'll save money first.
進程	工作進程很順利。	The work is progressing smoothly.
進程	專案的進程比預期慢，所以我們得加快速度。	The project is progressing slower than expected, so we need to speed up.
遺址	這是古代遺址。	This is an ancient site.
遺址	考古學家在這片遺址發現了很多陶器。	Archaeologists found lots of pottery at this site.
部署	軍隊部署在邊境。	The troops are deployed at the border.
部署	工程師今晚會把新版程式部署到伺服器上。	The engineer will deploy the new version of the program to the server tonight.
鎮壓	警方鎮壓了抗議。	The police suppressed the protest.
鎮壓	軍隊鎮壓了這場叛亂，但付出了很大的代價。	The army put down this rebellion, but at a great cost.
院長	他是醫院的院長。	He is the hospital's director.
院長	院長親自到病房探望病人，大家都很感動。	The director personally visited patients in the ward, and everyone was touched.
零	今天最低溫是零度。	Today's low is zero degrees.
零	他把口袋裡的零錢全部丟進了捐款箱。	He dropped all the loose change in his pocket into the donation box.
顯	這件黑色外套很顯瘦。	This black coat is very slimming.
顯	他今天顯得特別有精神，一定是昨晚睡得很好。	He looks especially energetic today; he must have slept well last night.
一代	一代比一代好。	Each generation is better than the last.
一代	我們這一代人小時候沒有手機，下課都在外面玩。	Our generation had no phones as kids and played outside after class.
丁	他們家人丁興旺。	Their family is large and thriving.
丁	老師把成績分成甲、乙、丙、丁四個等級。	The teacher divided the grades into four levels: A, B, C and D.
中部	我住在台灣中部。	I live in central Taiwan.
中部	中部的天氣比較乾燥，冬天常常出太陽。	The weather in central Taiwan is drier, with plenty of sun in winter.
人均	台灣的人均所得逐年增加。	Taiwan's per capita income rises year by year.
人均	這個城市的人均用水量比去年少。	This city's per capita water use is lower than last year.
任期	市長的任期是四年。	The mayor's term is four years.
任期	總統的任期是四年，最多可以連任一次。	The president's term is four years, with at most one reelection.
個體	每個人都是獨立的個體。	Everyone is an independent individual.
個體	每個個體都不一樣，不能用同一套標準要求大家。	Every individual is different, so you can't hold everyone to the same standard.
傻	你別傻了。	Don't be silly.
傻	我真傻，竟然相信他說的話。	I was so foolish to believe what he said.
全身	我全身都濕了。	I'm soaked all over.
全身	運動完之後全身痠痛，隔天連下樓梯都困難。	After exercising my whole body ached, and even going downstairs was hard the next day.
再見	再見，明天見！	Goodbye, see you tomorrow!
再見	她揮揮手說再見，然後轉身走進車站。	She waved goodbye, then turned and walked into the station.
初步	初步結果出來了。	The preliminary results are out.
初步	初步調查顯示，這起火災是電線走火引起的。	A preliminary investigation shows the fire was caused by a short circuit.
助理	她是我的助理。	She is my assistant.
助理	老闆的助理會先幫他整理好今天的行程。	The boss's assistant arranges his schedule for the day first.
包裝	包裝很漂亮。	The packaging is pretty.
包裝	這家店的禮盒包裝很精緻，很適合送人。	This shop's gift boxes are exquisitely packaged, perfect for giving.
去世	他爺爺去世了。	His grandfather passed away.
去世	我外婆去年去世了，我們全家都很想念她。	My grandma passed away last year, and our whole family misses her.
各界	各界人士都來了。	People from all walks of life came.
各界	各界紛紛捐款，幫助受災的民眾重建家園。	People from all sectors donated to help disaster victims rebuild their homes.
喊	他大聲喊我。	He called out to me loudly.
喊	球迷在場邊喊得喉嚨都啞了。	The fans shouted themselves hoarse at the sideline.
土	這雙鞋沾滿了土。	These shoes are covered in dirt.
土	這個地區的土很肥沃，適合種稻。	The soil in this region is fertile and suited to growing rice.
外國人	他是外國人。	He's a foreigner.
外國人	很多外國人來台灣，是因為喜歡這裡的美食和人情味。	Many foreigners come to Taiwan because they love the food and friendliness.
大臣	大臣向國王報告。	The minister reports to the king.
大臣	古代大臣每天早上都要上朝，向皇帝報告國家大事。	In ancient times ministers went to court each morning to report state affairs to the emperor.
女王	女王站在陽台揮手。	The queen waves from the balcony.
女王	童話裡的女王住在一座冰雪城堡。	The queen in the fairy tale lives in a castle of ice and snow.
學位	他拿到碩士學位了。	He earned his master's degree.
學位	她在國外念了四年，拿到博士學位後才回台灣工作。	She studied abroad for four years and returned to work in Taiwan after earning her doctorate.
富有	他很富有。	He's very wealthy.
富有	這個故事富有教育意義，很適合小朋友閱讀。	This story is rich in educational value and ideal for kids to read.
局面	局面很緊張。	The situation is tense.
局面	比賽進入下半場，雙方打成平手，局面變得很緊張。	The game entered the second half tied, and the situation became tense.
差距	兩者差距很大。	The gap between the two is large.
差距	貧富差距太大，是這個社會需要面對的問題。	A huge wealth gap is a problem this society needs to face.
延伸	這條路延伸到海邊。	This road extends to the sea.
延伸	腳踏車道從河邊一路延伸到山腳下。	The bike path stretches from the riverside all the way to the foot of the hills.
後者	前者便宜，後者好用。	The former is cheap, the latter is useful.
後者	這兩種方案，我比較喜歡後者，因為比較省時間。	Of the two plans I prefer the latter, since it saves time.
情節	這部電影的情節很感人。	This movie's plot is very touching.
情節	小說的情節很曲折，讀到最後才知道兇手是誰。	The novel's plot is twisty, and you only learn the culprit at the end.
手裡	錢在他手裡。	The money is in his hands.
手裡	她手裡拿著一杯珍珠奶茶，邊走邊喝。	She held a bubble tea in her hand, sipping as she walked.
投訴	客人向店家投訴。	The customer complained to the shop.
投訴	鄰居因為噪音問題，向管理室投訴了好幾次。	Neighbors complained to the management office several times about the noise.
排除	先排除這個選項。	Rule out this option first.
排除	工人已經排除路上的障礙物，車子可以通行了。	Workers cleared the obstacles from the road, and vehicles can pass now.
揭露	記者揭露了弊案。	The reporter exposed the scandal.
揭露	這則報導揭露了不少食品業者的違規行為。	This report exposed violations by quite a few food businesses.
敏感	我皮膚很敏感。	My skin is very sensitive.
敏感	她對花粉很敏感，一到春天就一直打噴嚏。	She's sensitive to pollen and sneezes constantly every spring.
旗下	這是他旗下的品牌。	This is a brand under him.
旗下	這家公司旗下有三個手搖飲品牌，分店遍布全台。	This company has three bubble-tea brands, with branches across Taiwan.
智能	這是一款智能手錶。	This is a smart watch.
智能	這間房子裝了智能家電，用手機就能控制。	The house has smart appliances you can control with your phone.
條款	請看合約條款。	Please read the contract clauses.
條款	簽約前請仔細閱讀每一項條款，以免日後有爭議。	Read every clause carefully before signing, to avoid disputes later.
正好	我正好有空。	I happen to be free.
正好	我走到車站時，公車正好來了。	The bus arrived just as I reached the stop.
毫米	螺絲的直徑是五毫米。	The screw's diameter is five millimeters.
毫米	氣象局預報，明天山區的雨量可能超過兩百毫米。	The Weather Bureau forecasts over two hundred millimeters of rain in the mountains tomorrow.
油	鍋裡要放一點油。	Put a little oil in the pan.
油	車子沒油了，我們先去加油站吧。	The car is out of gas; let's go to the gas station first.
湖	湖水很藍。	The lake water is very blue.
湖	日月潭是台灣最有名的湖，每年都有很多遊客。	Sun Moon Lake is Taiwan's most famous lake, with many visitors every year.
然	他果然來了。	Sure enough, he came.
然	她當然不想放棄，但現在的情況真的很困難。	Of course she doesn't want to give up, but the situation is really tough.
物品	請保管好個人物品。	Please look after your personal belongings.
物品	下車前請檢查有沒有遺漏隨身物品。	Before getting off, please check that you haven't left any belongings.
現任	他是現任市長。	He is the current mayor.
現任	現任老闆比前任年輕很多，做事風格也不一樣。	The current boss is much younger than the previous one and works differently.
男生	他是個男生。	He's a boy.
男生	我們班男生比女生多，籃球隊很容易湊滿人。	Our class has more boys than girls, so the basketball team easily fills up.
發言人	他是公司的發言人。	He is the company's spokesperson.
發言人	公司發言人今天上午召開記者會，說明事件經過。	The company spokesperson held a press conference this morning to explain what happened.
盤	桌上有一盤水果。	There's a plate of fruit on the table.
盤	這家店的炒飯很大盤，兩個人吃剛剛好。	The fried rice here comes in big portions, just right for two.
研究生	他是研究生。	He's a graduate student.
研究生	研究生通常要花一兩年寫論文，壓力很大。	Graduate students usually spend a year or two on a thesis, which is stressful.
秩序	請維持秩序。	Please keep order.
秩序	活動現場人很多，工作人員正在維持秩序。	The event is crowded, and staff are keeping order.
管制	這條路今天交通管制。	Traffic on this road is controlled today.
管制	疫情期間，政府對入境人數加以管制。	During the pandemic the government restricted the number of arrivals.
糖	我不加糖。	I don't take sugar.
糖	小朋友吃太多糖，牙齒容易蛀掉。	If kids eat too much candy, their teeth can easily decay.
絲	我想要一碗肉絲麵。	I'd like a bowl of shredded pork noodles.
絲	把馬鈴薯切成絲，再用小火慢慢炒。	Shred the potatoes and stir-fry them slowly over low heat.
編製	公司正在編製明年的預算。	The company is drawing up next year's budget.
編製	這本字典由一群專家花了十年編製而成。	This dictionary was compiled by a group of experts over ten years.
考察	他去日本考察。	He's on a study trip to Japan.
考察	市長前往國外考察，學習當地的交通管理經驗。	The mayor went abroad on a study visit to learn about local traffic management.
舉報	民眾可以舉報違規。	Citizens can report violations.
舉報	如果發現有人亂倒垃圾，可以打電話向環保局舉報。	If you see someone dumping trash illegally, you can call the environmental bureau to report it.
落	我把傘落在公車上了。	I left my umbrella on the bus.
落	我出門太急，把手機落在家裡了，一整天都沒辦法聯絡。	I left in such a rush that I left my phone at home and couldn't be reached all day.
表情	他的表情很嚴肅。	His expression is very serious.
表情	聽到好消息，她臉上露出驚喜的表情。	Hearing the good news, a look of pleasant surprise came over her face.
記住	請記住這件事。	Please remember this.
記住	這個密碼很重要，你一定要記住，不要寫在手機裡。	This password is important; you must memorize it and not write it in your phone.
認	我認不得這個字。	I don't recognize this character.
認	他犯了錯，立刻認錯道歉。	He made a mistake and immediately admitted it and apologized.
變革	教育制度需要變革。	The education system needs reform.
變革	數位科技帶來了社會的巨大變革。	Digital technology has brought great change to society.
資本主義	他研究資本主義。	He studies capitalism.
資本主義	他在大學修了一門討論資本主義的課。	He took a university class on capitalism.
跟著	跟著我走。	Follow me.
跟著	他跟著媽媽去市場買菜，一路上都很開心。	He went grocery shopping at the market with his mom and was happy all the way.
返回	請返回座位。	Please return to your seat.
返回	登山客在天黑之前順利返回山下。	The hikers made it back down the mountain before dark.
週期	這個週期是三個月。	This cycle is three months.
週期	月亮的圓缺有固定的週期，大約是一個月。	The moon's phases follow a fixed cycle of about a month.
遺產	他繼承了遺產。	He inherited an estate.
遺產	這座古城被列為世界文化遺產。	This ancient city was listed as a World Cultural Heritage site.
鏡頭	鏡頭對準他。	The camera is aimed at him.
鏡頭	這部電影的最後一個鏡頭很美，大家看了都很感動。	The last shot of this movie is beautiful, and everyone was moved.
集會	民眾在廣場集會。	People gathered in the square.
集會	這場集會是申請許可後舉行的，全程都很和平。	This assembly was held with a permit and stayed peaceful throughout.
頒布	政府頒布新法令。	The government issued a new decree.
頒布	教育部頒布了新的課綱，明年開始實施。	The Ministry of Education issued a new curriculum, effective next year.
飲食	他的飲食很清淡。	His diet is very light.
飲食	醫生建議他改變飲食習慣，少吃油炸和甜食。	The doctor advised him to change his eating habits and eat less fried food and sweets.
高速公路	高速公路假日常塞車。	The freeway often jams on holidays.
高速公路	從台北到高雄走高速公路，大約要四個小時。	Driving from Taipei to Kaohsiung on the freeway takes about four hours.
一行	代表團一行三十人。	The delegation numbers thirty people.
一行	市長一行人今天參觀了新建的圖書館。	The mayor and his party visited the newly built library today.
不利	這對我們不利。	This is unfavorable for us.
不利	天氣對比賽不利，主辦單位決定延期。	The weather is unfavorable for the game, so the organizers decided to postpone.
中午	中午吃什麼？	What shall we eat for lunch?
中午	我中午通常在公司附近買個便當。	I usually grab a lunch box near the office at noon.
人力	人力不足。	There aren't enough people.
人力	公司人力不足，所以每個人都要身兼好幾個工作。	The company is short-staffed, so everyone has to take on several jobs.
佔據	大樹佔據了半個院子。	The big tree takes up half the yard.
佔據	路邊的攤販佔據了整個人行道，行人只好走在馬路上。	Street vendors occupy the whole sidewalk, so pedestrians have to walk on the road.
修復	這座老廟正在修復。	This old temple is being restored.
修復	工人花了半年，才把這幅受損的壁畫修復好。	Workers spent half a year restoring this damaged mural.
偶像	他是我的偶像。	He's my idol.
偶像	她從高中就迷上這位偶像歌手，每場演唱會都去。	She's been a fan of this idol singer since high school and goes to every concert.
優	成績單上的國文是優。	Chinese on the report card is an excellent.
優	成績單上寫著數學拿優，老師還加了一句鼓勵的話。	The report card gives an excellent in math, and the teacher added an encouraging remark.
公式	數學公式很難背。	Math formulas are hard to memorize.
公式	他把公式寫在黑板上，一步一步解釋給大家聽。	He wrote the formula on the board and explained it to everyone step by step.
分手	他們分手了。	They broke up.
分手	他們交往三年之後，因為異地而分手了。	After three years together, they broke up because of the distance.
前者	前者比較貴，但比較好吃。	The former is pricier but tastier.
前者	在這兩項計畫中，前者需要更多時間，但預算比較少。	Of these two plans, the former takes more time but costs less.
助	他樂於助人。	He's glad to help others.
助	多運動有助於改善睡眠品質。	Exercising more helps improve sleep quality.
印刷	這本書正在印刷。	This book is being printed.
印刷	這家印刷廠一天可以印幾萬份傳單。	This print shop can print tens of thousands of flyers a day.
古老	這是古老的廟。	This is an ancient temple.
古老	這座古老的城市保存著許多傳統建築和習俗。	This ancient city preserves many traditional buildings and customs.
同情	我很同情他。	I really feel for him.
同情	大家同情這個孩子的遭遇，紛紛伸出援手。	Everyone sympathized with the child's plight and lent a hand.
告	老師告訴我們明天要考試。	The teacher told us there's an exam tomorrow.
告	他被人騙了錢，決定向法院提告。	He was scammed out of money and decided to sue in court.
商務	他去商務出差。	He's on a business trip.
商務	這家飯店設有商務中心，很適合出差的人。	This hotel has a business center, ideal for business travelers.
國內外	國內外遊客都很喜歡這裡。	Domestic and foreign tourists all like this place.
國內外	這位作家的作品在國內外都得過獎。	This writer's works have won awards both at home and abroad.
城鄉	城鄉生活步調不太一樣。	The pace of life differs between city and countryside.
城鄉	政府推動城鄉均衡發展，希望縮小資源上的落差。	The government promotes balanced urban-rural development to narrow the resource gap.
境外	境外旅客需先填寫入境資料。	Overseas travelers must first fill in their entry details.
境外	這筆款項是從境外匯進來的，銀行要多確認一下。	This sum was remitted from abroad, so the bank needs to double-check.
大哥	我大哥已經結婚了。	My eldest brother is already married.
大哥	大哥，請問這附近有便利商店嗎？	Excuse me, sir, is there a convenience store nearby?
失	我昨晚失眠了。	I couldn't sleep last night.
失	這次失敗沒關係，從失敗中學到經驗最重要。	It's fine to fail this time; learning from the failure matters most.
姐妹	她們是姐妹。	They are sisters.
姐妹	她們姐妹感情很好，常常一起去逛街。	The sisters are close and often go shopping together.
孤獨	他覺得很孤獨。	He feels very lonely.
孤獨	一個人在國外念書，有時候真的會覺得孤獨。	Studying abroad alone, you can really feel lonely at times.
寂寞	一個人很寂寞。	It's lonely being alone.
寂寞	退休之後，爺爺有時候會覺得寂寞，所以常去公園找人下棋。	Since retiring, Grandpa sometimes feels lonely, so he often plays chess with people in the park.
封閉	道路被封閉了。	The road has been closed off.
封閉	因為土石流，山區的道路暫時封閉。	Because of a mudslide, the mountain road is temporarily closed.
小鎮	這是個小鎮。	This is a small town.
小鎮	這個山腳下的小鎮很安靜，週末有很多人來這裡喝咖啡。	This small town at the foot of the mountain is quiet, and many come for coffee on weekends.
山區	山區天氣多變。	The weather in the mountains is changeable.
山區	山區的路比較窄，開車時要特別小心。	Mountain roads are narrower, so drive extra carefully.
常務	他擔任常務董事。	He serves as a managing director.
常務	協會的常務會議每個月召開一次。	The association holds a standing committee meeting once a month.
幹什麼	你在幹什麼？	What are you doing?
幹什麼	你這麼晚還不睡，到底在幹什麼啊？	It's so late and you're still up; what on earth are you doing?
強度	運動強度太高了。	The exercise intensity is too high.
強度	這種鋼的強度很高，常用來蓋大樓。	This kind of steel is very strong and often used to build skyscrapers.
從前	從前有個小村莊。	Once upon a time there was a little village.
從前	從前這裡是一片農田，現在蓋滿了住宅大樓。	This used to be farmland, and now it is full of apartment buildings.
愈	天氣愈來愈冷。	It's getting colder and colder.
愈	你愈解釋，大家愈覺得你心虛。	The more you explain, the more everyone thinks you're guilty.
截圖	我截圖給你看。	I'll screenshot it for you.
截圖	你可以把這個頁面截圖傳給我嗎？我想存起來。	Can you screenshot this page and send it to me? I want to save it.
扎	他不小心被玫瑰的刺扎到手。	He accidentally got pricked by a rose thorn.
扎	護士在我的手臂上扎了一針。	The nurse stuck a needle in my arm.
抱怨	別再抱怨了。	Stop complaining.
抱怨	他老是抱怨工作太累，卻不想換新的工作。	He keeps complaining that work is exhausting, but doesn't want to change jobs.
持有	她持有台灣護照。	She holds a Taiwanese passport.
持有	持有有效簽證的旅客才能入境。	Only travelers holding a valid visa may enter.
描寫	作者描寫海邊的日出。	The author describes a sunrise at the seaside.
描寫	這本小說細膩地描寫了一個家庭的變化。	This novel delicately portrays a family's changes.
擴散	病毒擴散得很快。	The virus is spreading fast.
擴散	這則假消息在網路上迅速擴散，警方呼籲大家不要轉傳。	This false news spread rapidly online, and the police urged people not to forward it.
整	我整天都在家。	I was at home all day.
整	他一口氣吃了整個西瓜，肚子都圓了。	He ate a whole watermelon in one go, and his belly got round.
旗幟	旗幟在風中飄揚。	The flag flutters in the wind.
旗幟	運動會上，每個班級都舉著自己設計的旗幟進場。	At the sports day each class marched in carrying a flag it designed.
暴露	不要暴露個資。	Don't expose your personal data.
暴露	長時間暴露在陽光下，皮膚很容易曬傷。	Long exposure to sunlight easily burns your skin.
有利	這對你有利。	This is to your advantage.
有利	多喝水對身體健康有利。	Drinking more water is good for your health.
服從	軍人要服從命令。	Soldiers must obey orders.
服從	小孩子不一定要完全服從大人，但要學會尊重別人。	Kids needn't obey adults completely, but they should learn to respect others.
格式	檔案格式不對。	The file format is wrong.
格式	履歷請用指定格式，否則系統會無法讀取。	Please use the specified format for your résumé, or the system can't read it.
標	老師在課本上標出重點。	The teacher marks the key points in the textbook.
標	這件衣服標著特價，可是價錢還是不便宜。	This item is marked as on sale, but the price still isn't cheap.
歡樂	派對上充滿歡樂。	The party was full of joy.
歡樂	聖誕節時，街上到處都是歡樂的音樂。	At Christmas, joyful music is everywhere on the streets.
每月	每月一號發薪水。	Salaries are paid on the first of each month.
每月	我每月都存兩千塊，當作旅遊基金。	I save two thousand every month as a travel fund.
沒收	手機被老師沒收了。	My phone was confiscated by the teacher.
沒收	海關沒收了他帶進來的違禁品。	Customs confiscated the contraband he brought in.
法治	法治很重要。	The rule of law is important.
法治	一個國家要進步，必須先有健全的法治。	For a country to progress, it must first have a sound rule of law.
海岸	海岸線很長。	The coastline is long.
海岸	東部的海岸線很漂亮，一邊是山，一邊是海。	The east coast is beautiful, with mountains on one side and sea on the other.
減	十減三等於七。	Ten minus three is seven.
減	我最近在減重，晚餐都盡量少吃澱粉。	I'm losing weight lately and eat less starch at dinner.
漢	他是條好漢。	He's a real man.
漢	這位硬漢警察為了救人，毫不猶豫地衝進火場。	This tough cop rushed into the fire without hesitation to save someone.
災害	災害過後要清理。	After a disaster, cleanup is needed.
災害	颱風和地震是台灣常見的自然災害。	Typhoons and earthquakes are common natural disasters in Taiwan.
無辜	他是無辜的。	He's innocent.
無辜	為了一點小事牽連無辜的人，真的很不應該。	Dragging innocent people in over a small matter is really wrong.
燈	請關燈。	Please turn off the light.
燈	晚上路燈一亮，整條巷子就變得很安靜。	When the street lamps come on at night, the whole lane gets quiet.
特區	深圳是一個經濟特區。	Shenzhen is a special economic zone.
特區	政府在這個特區提供稅收優惠，吸引外資進駐。	The government offers tax breaks in this zone to attract foreign investment.
王子	王子騎著白馬。	The prince rides a white horse.
王子	童話故事裡，王子最後和公主結婚了。	In the fairy tale, the prince finally married the princess.
產物	這是時代的產物。	This is a product of its era.
產物	這道菜是不同文化交流的產物。	This dish is a product of exchange between different cultures.
當事人	當事人已到場。	The party concerned is present.
當事人	這起糾紛的雙方當事人同意先坐下來談談。	Both parties to this dispute agreed to sit down and talk first.
登	他登上山頂。	He climbed to the summit.
登	週末我們要去登山，記得穿登山鞋。	We're going hiking this weekend; remember to wear hiking shoes.
盡力	我會盡力。	I'll do my best.
盡力	比賽輸了沒關係，只要你已經盡力就好。	It's fine to lose the game as long as you did your best.
真理	真理越辯越明。	Truth becomes clearer through debate.
真理	他一輩子都在追求真理。	He spent his whole life seeking truth.
破產	公司破產了。	The company went bankrupt.
破產	疫情讓不少小店撐不下去，最後只好宣布破產。	The pandemic left many small shops unable to hang on, and they had to declare bankruptcy.
神聖	這是神聖的地方。	This is a sacred place.
神聖	對他們來說，婚禮是一件神聖的事，所以準備得非常用心。	To them a wedding is sacred, so they prepared with great care.
稱之為	人們稱之為母親河。	People call it the mother river.
稱之為	這種現象，科學家稱之為溫室效應。	Scientists call this phenomenon the greenhouse effect.
第二天	第二天我就發燒了。	The next day I came down with a fever.
第二天	我們到了花蓮，第二天才開始下雨。	We arrived in Hualien, and it only started raining the next day.
純粹	他純粹是好奇。	He was purely curious.
純粹	我問這個問題純粹是出於好奇，沒有別的意思。	I'm asking purely out of curiosity, nothing more.
統	我們統一穿制服。	We all wear the uniform.
統	學校統一發給同學新的課本。	The school hands out new textbooks to all students uniformly.
總書記	總書記發表了談話。	The general secretary delivered a speech.
總書記	新聞報導說，總書記昨天會見了外國訪客。	The news reported that the general secretary met foreign visitors yesterday.
罰款	亂丟垃圾會被罰款。	You'll be fined for littering.
罰款	騎機車不戴安全帽，罰款一千五到兩千元。	Riding a scooter without a helmet carries a fine of 1,500 to 2,000 dollars.
聚會	週末有朋友聚會。	There's a get-together with friends this weekend.
聚會	老同學每年都會聚會一次，聊聊大家的近況。	Old classmates get together once a year to catch up.
胸	他胸口很痛。	His chest hurts a lot.
胸	醫生說胸口悶可能是心臟問題，最好趕快檢查。	The doctor says chest tightness could be a heart problem and should be checked soon.
興起	手搖飲料興起了。	Bubble-tea shops have taken off.
興起	近年來，露營在台灣興起，週末的營地常常客滿。	In recent years camping has taken off in Taiwan, and campsites are often full on weekends.
苦	這個藥很苦。	This medicine is very bitter.
苦	他從小家裡很窮，吃了不少苦才有今天。	His family was poor growing up, and he went through much hardship to get here.
虎	那隻老虎在睡覺。	That tiger is sleeping.
虎	今年是虎年，很多人家裡都貼了虎的剪紙。	This is the Year of the Tiger, and many homes put up tiger paper-cuts.
裔	他是美國華裔。	He is a Chinese American.
裔	這位華裔作家的作品在全世界都很受歡迎。	This author of Chinese descent is popular around the world.
角	桌角很尖，小心喔。	The corner of the table is sharp; careful.
角	公園的一角有個小攤子，賣冰淇淋。	There's a small stall in one corner of the park selling ice cream.
諷刺	他的話帶著諷刺。	His words carry sarcasm.
諷刺	這部喜劇用幽默的方式，諷刺了社會上的怪現象。	This comedy humorously satirizes strange phenomena in society.
護照	我的護照過期了。	My passport has expired.
護照	出國前一定要確認護照有效期限還有六個月以上。	Before going abroad, make sure your passport is valid for more than six months.
賭	我賭他今天會遲到。	I bet he'll be late today.
賭	他賭輸了所有積蓄，現在才後悔。	He gambled away all his savings and regrets it only now.
超市	我去超市買菜。	I'm going to the supermarket for groceries.
超市	這家超市晚上九點以後，蔬菜和麵包都會打折。	After nine p.m. this supermarket discounts its vegetables and bread.
躲	小貓躲在桌子下。	The kitten is hiding under the table.
躲	外面下大雨，我們先躲進騎樓等一下。	It's pouring outside; let's take shelter under the arcade for a bit.
辯護	律師為他辯護。	The lawyer defends him.
辯護	他的律師在法庭上為他辯護，說他當時並不在現場。	His lawyer defended him in court, saying he wasn't at the scene.
造型	這個杯子的造型很可愛。	This cup has a cute design.
造型	這家髮廊的造型師很厲害，幫我剪了一個很適合的髮型。	The stylist at this salon is great and gave me a haircut that suits me.
選票	選票投進箱子。	The ballots go into the box.
選票	開票時，每張選票都要當眾唸出來。	During counting, every ballot is read out publicly.
醫師	他是一位醫師。	He is a physician.
醫師	這位醫師看診很仔細，所以病人都要等很久。	This doctor is very thorough, so patients wait a long time.
開幕	展覽今天開幕。	The exhibition opens today.
開幕	運動會的開幕典禮在早上九點舉行。	The sports day's opening ceremony is held at nine a.m.
隊員	他是球隊的隊員。	He's a member of the team.
隊員	比賽前，隊員們圍成一圈，互相打氣。	Before the game, the team members formed a circle and cheered each other on.
