了	我昨天買了一台新手機。	I bought a new phone yesterday.
了	天氣變冷了，出門記得多穿一件外套喔。	It's gotten cold, so remember to wear a jacket when you go out.
人	今天捷運上的人好多。	There are so many people on the MRT today.
人	這家早餐店很有名，每天早上都有很多人排隊。	This breakfast shop is famous, and lots of people line up every morning.
中	老闆正在開會中。	The boss is in a meeting.
中	這次比賽中，我們班拿到了第二名。	In this competition, our class came in second.
到	我明天要到台北。	I'm going to Taipei tomorrow.
到	我走到捷運站才發現忘了帶悠遊卡。	I only realized I'd forgotten my EasyCard when I got to the MRT station.
個	我想吃一個便當。	I want to eat a lunch box.
個	我媽早上買了三個鳳梨，說要做鳳梨酥。	My mom bought three pineapples this morning and said she'd make pineapple cakes.
于	我們老闆姓于，大家都叫他于老闆。	Our boss's surname is Yu, and everyone calls him Boss Yu.
後	吃完飯後我們去散步。	After eating, we went for a walk.
後	下班後我通常會先去超商買點東西，再搭捷運回家。	After work I usually stop by the convenience store first, then take the MRT home.
去	我們去夜市吧！	Let's go to the night market!
去	週末我想去朋友家玩，晚上再回來。	This weekend I want to go to a friend's place and come back in the evening.
把	請把門關上。	Please close the door.
把	我把手機放在桌上，結果找了半天都找不到。	I put my phone on the table, but then searched for ages and couldn't find it.
之	這杯飲料我只喝了三分之一。	I only drank a third of this drink.
之	為了乘客之安全，列車行駛中請勿靠近車門。	For passenger safety, please keep away from the doors while the train is moving.
怎麼	你怎麼還沒睡？	Why aren't you asleep yet?
怎麼	請問到台北車站要怎麼搭捷運？	Excuse me, how do I get to Taipei Main Station by MRT?
美國	我阿姨住在美國。	My aunt lives in the United States.
美國	我同事下個月要去美國出差，大概去兩個禮拜。	My coworker is going on a business trip to the US next month for about two weeks.
可	這裡可以刷卡嗎？	Can I pay by card here?
可	你可別忘了明天要交報告喔。	Don't you forget the report is due tomorrow, okay?
所	這是我所擔心的事。	This is what I'm worried about.
所	我家附近新開了一所幼兒園，很多家長都想送小孩去。	A new kindergarten opened near my home, and many parents want to send their kids there.
該	你該睡覺了。	You should go to bed.
該	這個月的房租該繳了，我等一下去超商繳費。	The rent is due this month, so I'll go pay it at the convenience store in a bit.
們	我們一起走吧。	Let's walk together.
們	老師對同學們說：「明天不用帶便當。」	The teacher told the students, "You don't need to bring lunch tomorrow."
啊	啊！我忘了帶錢包！	Ah! I forgot my wallet!
啊	啊，原來你也住在這附近，真巧耶！	Oh, so you live around here too. What a coincidence!
成為	她想成為醫生。	She wants to become a doctor.
成為	這家小吃店現在已經成為附近上班族最愛的午餐地點。	This snack shop has now become the favorite lunch spot for office workers nearby.
纔	我等了半小時，公車纔來。	I waited half an hour before the bus finally came.
主要	這道菜的主要材料是豬肉。	The main ingredient of this dish is pork.
主要	這次我來台北主要是為了看一位老朋友。	I came to Taipei mainly to see an old friend.
其中	我買了五顆，其中兩顆壞了。	I bought five, and two of them were bad.
其中	這間公司有兩百名員工，其中大約三分之一是外國人。	This company has two hundred employees, about a third of whom are foreigners.
必須	你必須早點睡。	You have to go to bed earlier.
必須	進入醫院前，所有訪客都必須先量體溫並戴口罩。	Before entering the hospital, all visitors must have their temperature taken and wear a mask.
比	今天比昨天冷。	Today is colder than yesterday.
比	這家店的珍珠奶茶比隔壁那家便宜十塊，而且更好喝。	This shop's bubble tea is ten dollars cheaper than the one next door, and tastes better too.
第	我坐在第三排。	I'm sitting in the third row.
第	這是我第一次搭高鐵去台南，心情很興奮。	This is my first time taking the High Speed Rail to Tainan, and I'm excited.
這種	我不喜歡這種天氣。	I don't like this kind of weather.
這種	這種手機現在很少人在用了，電池也不太耐用。	Hardly anyone uses this kind of phone anymore, and the battery doesn't last well either.
一起	我們一起吃午餐吧。	Let's have lunch together.
一起	下班後要不要跟同事一起去吃火鍋？	Want to go eat hot pot with your coworkers after work?
兩	我要兩杯紅茶。	I'd like two black teas.
兩	這兩天一直下雨，我的鞋子都還沒乾。	It's been raining these past two days, and my shoes still haven't dried.
國	她今年剛上國中。	She just started junior high school this year.
國	這次比賽有十幾國的選手來參加。	Athletes from over ten countries took part in this competition.
文化	台灣有很多不同的文化。	Taiwan has many different cultures.
文化	我很喜歡到不同的地方旅行，體驗當地的飲食和文化。	I love traveling to different places and experiencing the local food and culture.
聽	我在聽音樂。	I'm listening to music.
聽	我媽說她昨天在市場聽到一個很有趣的消息。	My mom said she heard some very interesting news at the market yesterday.
這裡	你住在這裡嗎？	Do you live here?
這裡	這裡的冷氣太強了，可以幫我調高一點嗎？	The air conditioning here is too strong. Could you turn it up a bit?
點	我想點一杯拿鐵。	I'd like to order a latte.
點	服務生，我們點好了，請問餐點大概要等多久？	Excuse me, we've ordered. About how long will the food take?
元	這個便當八十元。	This lunch box is eighty dollars.
元	這張悠遊卡裡還有一百五十元，應該夠搭好幾次捷運。	There's still 150 dollars on this EasyCard, which should cover several MRT rides.
問	我想問一個問題。	I'd like to ask a question.
問	不知道路的話，可以問一下路邊的店員。	If you don't know the way, you can ask a clerk at a nearby shop.
天	今天天氣很好。	The weather is nice today.
天	我媽下個禮拜要去日本玩五天，現在已經在準備行李了。	My mom is going to Japan for five days next week and is already packing.
寫	我在寫作業。	I'm doing my homework.
寫	老師要我們每個禮拜寫一篇日記，練習用中文表達。	The teacher has us write a diary entry every week to practice expressing ourselves in Chinese.
支持	我支持你的決定。	I support your decision.
支持	家人一直很支持我出國念書，我真的很感謝他們。	My family has always supported me studying abroad, and I'm really grateful to them.
有關	這和你有關嗎？	Does this have anything to do with you?
有關	新聞說這起事件與食品安全有關，政府已經展開調查。	The news says the incident is related to food safety, and the government has launched an investigation.
獲得	她獲得了第一名。	She won first place.
獲得	這家餐廳連續三年獲得消費者的好評，生意一直很好。	This restaurant has won praise from customers for three years running, and business is always good.
約	捷運站離這裡約五分鐘。	The MRT station is about five minutes from here.
約	我和同事約了明天中午在公司附近吃飯。	I arranged to have lunch with a coworker near the office tomorrow noon.
