了	le5	(completed action marker); (modal particle indicating change of state, situation
人	ren2	person; people
中	zhong1	within; among; in; middle; center; while (doing sth); during; (dialect) OK; all 
到	dao4	to reach; to arrive; to leave for; to go to; to (a place); until (a time); up to
個	ge4	(classifier used before a noun that has no specific classifier); (bound form) in
于	yu2	to go; to take; sentence-final interrogative particle; variant of 於|于[yu2]
後	hou4	back; behind; rear; afterwards; after; later; post-
去	qu4	to go; to go to (a place); (of a time etc) last; just passed; to send; to remove
把	ba3	to hold; to grasp; to hold a baby in position to help it urinate or defecate; ha
之	zhi1	(possessive particle, literary equivalent of 的[de5]); him; her; it
怎麼	zen3 me5	how?; what?; why?
美國	Mei3 guo2	United States; USA; US
可	ke3	(prefix) can; may; able to; -able; to approve; to permit; to suit; (particle use
所	suo3	actually; place; classifier for houses, small buildings, institutions etc; that 
該	gai1	should; ought to; probably; must be; to deserve; to owe; to be sb's turn to do s
們	men5	plural marker for pronouns, and nouns referring to individuals
啊	a1	interjection of surprise; Ah!; Oh!
成為	cheng2 wei2	to become; to turn into
纔	cai2	(variant of 才[cai2]) just now; (variant of 才[cai2]) (before an expression of qua
主要	zhu3 yao4	main; principal; major; primary
其中	qi2 zhong1	among; in; included among these
必須	bi4 xu1	must; to have to
比	bi1	euphemistic variant of 屄[bi1]
第	di4	(prefix indicating ordinal number, as in 第六[di4 liu4] "sixth"); (literary) grade
這種	zhe4 zhong3	this kind of
一起	yi1 qi3	(in) the same place; together; in company (with); altogether; in total; an insta
兩	liang3	two; both; some; a few; tael, unit of weight equal to 50 grams (modern) or 1⁄16 
國	guo2	country; nation; state; (bound form) national
文化	wen2 hua4	culture; civilization; cultural
聽	ting1	to listen to; to hear; to heed; to obey; a can (loanword from English "tin"); cl
這裡	zhe4 li3	here
點	dian3	to touch briefly; to tap; to mark with a dot; to check off (on a list); to order
元	yuan2	currency unit (esp. Chinese yuan); (bound form) first; original; primary; (bound
問	wen4	to ask; to inquire
天	tian1	day; sky; heaven
寫	xie3	to write
支持	zhi1 chi2	to be in favor of; to support; to back; support; backing; to stand by
有關	you3 guan1	to have sth to do with; to relate to; related to; to concern; concerning
獲得	huo4 de2	to obtain; to receive; to get
約	yao1	to weigh in a balance or on a scale
