english	曰	老師說，「子曰」就是「孔子說」的意思。	The teacher said that 「子曰」 means "Confucius said."
english	福	春節時，家家戶戶都會把「福」字倒過來貼在門上。	At Lunar New Year, families stick the character 福 upside down on their doors.
erhua	一會兒	我休息一會兒就好。	I'll be fine after resting a moment.
erhua	一會兒	你先坐一會兒，我去倒杯水給你。	Sit for a moment first; I'll get you a glass of water.
erhua	一會	你先坐一會，我去泡茶，等一會兒他們就到了。	Sit down for a while; I'll go make tea, and they'll be here shortly.
word missing	…死了	今天累死了。	I'm dead tired today.
word missing	…死了	這個週末熱死了，我整天都躲在冷氣房。	This weekend was boiling hot, so I stayed in the air-conditioned room all day.
word missing	趕走	晚上開著窗戶，蚊子怎麼趕都趕不走。	With the window open at night, the mosquitoes just won't go away no matter how you shoo them.
word missing	證券	爸爸每天早上都先看股市行情，再決定要不要買股票。	Every morning my dad checks the stock market before deciding whether to buy shares.
word missing	不是…嗎	你不是說今天要來嗎？	Didn't you say you were coming today?
word missing	不是…嗎	這不是你昨天才買的包包嗎？怎麼已經壞掉了？	Isn't this the bag you just bought yesterday? How is it broken already?
english	妮	她的名字裡有個「妮」字。	There is the character 妮 in her name.
english	陸	收據上的大寫數字「陸」代表六，是為了防止別人亂改。	The formal numeral 陸 on a receipt stands for six, to prevent tampering.
erhua	沉默	大家都沉默了一會兒，沒有人知道該怎麼回答這個問題。	Everyone fell silent for a moment, and no one knew how to answer the question.
english	又名	番荔枝又名釋迦。	The sugar apple is also called 釋迦.
english	俗稱	番石榴在台灣俗稱芭樂，吃起來又脆又甜。	Guava is commonly called 芭樂 in Taiwan and is crisp and sweet.
english	俺	「俺」是北方話裡的「我」。	"俺" is the northern dialect word for "I".
english	俺	電影裡的大叔用「俺」自稱，一聽就知道是北方人。	In the movie the uncle calls himself 俺, and you can tell right away he's from the north.
