我	wo3	I; me; my
你	ni3	you (informal, as opposed to courteous 您[nin2])
就	jiu4	(after a suppositional clause) in that case; then; (after a clause of action) as
我們	wo3 men5	we; us; ourselves
沒有	mei2 you3	haven't; hasn't; doesn't exist; to not have; to not be
但	dan4	but; yet; however; still; merely; only; just
日	ri4	(bound form) sun; day; day of the month; (bound form) Japan (abbr. for 日本[Ri4 be
國家	guo2 jia1	country; nation; state
看	kan1	to look after; to take care of; to watch; to guard
又	you4	(once) again; also; both... and...; and yet; (used for emphasis) anyway
新	xin1	new; newly; meso- (chemistry)
過	guo4	to cross; to go over; to pass (time); to celebrate (a holiday); to live; to get 
吧	ba1	bar (loanword) (serving drinks, or providing Internet access etc); to puff (on a
日本	Ri4 ben3	Japan
這樣	zhe4 yang4	this way; like this; so; (before a noun) this kind of; such
再	zai4	again; once more; re-; further; beyond this point of time; (before an adjective)
嚮	xiang4	to tend toward; to guide; variant of 向[xiang4]
時候	shi2 hou4	time; length of time; moment; period
認為	ren4 wei2	to believe; to think; to consider; to feel
人民	ren2 min2	the people
出現	chu1 xian4	to appear; to arise; to emerge; to show up
情況	qing2 kuang4	circumstances; state of affairs; situation
為了	wei4 le5	for; for the purpose of; in order to
網站	wang3 zhan4	website
還是	hai2 shi4	still (as before); had better; unexpectedly; or
不要	bu4 yao4	don't!; must not
則	ze2	(literary) (conjunction used to express contrast with a previous clause) but; th
學生	xue2 sheng1	student; schoolchild
根據	gen1 ju4	according to; based on; basis; foundation
至	zhi4	to arrive; most; to; until
遊戲	you2 xi4	game (CL:場|场[chang3]); to play
一種	yi1 zhong3	one kind of; one type of
分	fen1	to divide; to separate; to distribute; to allocate; to distinguish (good and bad
因	yin1	cause; reason; because
委員會	wei3 yuan2 hui4	committee; commission
市場	shi4 chang2	marketplace; market; bazaar; (economics) market
新聞	xin1 wen2	news
東西	dong1 xi1	east and west
產品	chan3 pin3	goods; merchandise; product
繼續	ji4 xu4	to continue; to proceed with; to go on with
話	hua4	dialect; language; spoken words; speech; talk; words; conversation; what sb said
那些	na4 xie1	those
一切	yi1 qie4	everything; every; all
事情	shi4 qing2	affair; matter; thing; business
信息	xin4 xi2	information; news; message
哪裡	na3 li3	where?; somewhere; anywhere; wherever; nowhere (negative answer to question); hu
幹	gan4	tree trunk; main part of sth; to manage; to work; to do; capable; cadre; to kill
提出	ti2 chu1	to raise (an issue); to propose; to put forward; to suggest; to post (on a websi
未	wei4	not yet; did not; have not; not; 8th earthly branch: 1-3 p.m., 6th solar month (
民主	min2 zhu3	democracy; democratic
當然	dang1 ran2	only natural; as it should be; certainly; of course; without doubt
管理	guan3 li3	to supervise; to manage; to administer; management; administration
處	chu3	to reside; to live; to dwell; to be in; to be situated at; to stay; to get along
過程	guo4 cheng2	course of events; process
世紀	shi4 ji4	century
仍	reng2	still; yet; to remain; (literary) frequently; often
傳統	chuan2 tong3	tradition; traditional
利用	li4 yong4	to exploit; to make use of; to use; to take advantage of; to utilize
反	fan3	contrary; in reverse; inside out or upside down; to reverse; to return; to oppos
嚴重	yan2 zhong4	grave; serious; severe; critical
女人	nu:3 ren2	woman
導致	dao3 zhi4	to lead to; to create; to cause; to bring about
怎樣	zen3 yang4	how; what kind
拿	na2	to hold; to seize; to catch; to apprehend; to take; (used in the same way as 把[b
期間	qi2 jian1	period of time; time; time period; period
比賽	bi3 sai4	competition (sports etc); match; to compete
相信	xiang1 xin4	to believe; to be convinced; to accept as true
群眾	qun2 zhong4	mass; multitude; the masses
行為	xing2 wei2	action; conduct; behavior; activity
超過	chao1 guo4	to surpass; to exceed; to outstrip
達到	da2 dao4	to reach; to achieve; to attain
颱	tai2	typhoon
介紹	jie4 shao4	to introduce (sb to sb); to give a presentation; to present (sb for a job etc); 
全部	quan2 bu4	whole; all
加入	jia1 ru4	to become a member; to join; to mix into; to participate in; to add in
土地	tu3 di4	land; soil; territory
宣布	xuan1 bu4	to declare; to announce; to proclaim
後來	hou4 lai2	afterwards; later; newly arrived
指	zhi3	finger; to point at or to; to indicate or refer to; to depend on; to count on; (
是不是	shi4 bu4 shi4	is or is not (used to form yes-no questions)
正式	zheng4 shi4	formal; official
理論	li3 lun4	theory; to argue; to take notice of
範圍	fan4 wei2	range; scope; limit; extent
綜合	zong4 he2	comprehensive; composite; synthesized; mixed; to sum up; to integrate; to synthe
語言	yu3 yan2	language
那裏	na4 li5	there; that place
顯示	xian3 shi4	to show; to illustrate; to display; to demonstrate
交易	jiao1 yi4	to deal; to trade; to transact; transaction; deal
係	xi4	to connect; to relate to; to tie up; to bind; to be (literary)
內部	nei4 bu4	interior; inside (part, section); internal
動物	dong4 wu4	animal
和平	he2 ping2	peace; peaceful
場	chang2	threshing floor; classifier for events and happenings: spell, episode, bout
子	zi3	son; child; seed; egg; small thing; 1st earthly branch: 11 p.m.–1 a.m., midnight
小說	xiao3 shuo1	novel; fiction
平臺	ping2 tai2	platform; terrace; flat-roofed building
思想	si1 xiang3	thought; thinking; idea; ideology
拉	la1	to pull; to play (a bowed instrument); to drag; to draw; to chat; (coll.) to emp
教師	jiao4 shi1	teacher
最好	zui4 hao3	best; had better ...; it would be best to ...
此外	ci3 wai4	besides; in addition; moreover; furthermore
清楚	qing1 chu3	clear; distinct; to understand thoroughly; to be clear about
理解	li3 jie3	to comprehend; to understand
看見	kan4 jian5	to see; to catch sight of
穿	chuan1	to bore through; to pierce; to perforate; to go through (e.g. a tunnel); to cros
絕對	jue2 dui4	absolute; unconditional
美元	mei3 yuan2	American dollar; US dollar
花	hua1	flower; blossom; fancy pattern; florid; to spend (money, time); (coll.) lecherou
談	tan2	to speak; to talk; to converse; to chat; to discuss
身體	shen1 ti3	the body; one's health
進一步	jin4 yi1 bu4	to go a step further; (develop, understand, improve etc) more; further
長期	chang2 qi2	long-term; for a protracted period
青年	qing1 nian2	youth; youthful years; young person; the young
黑	hei1	black; dark; sinister; secret; shady; illegal; to hide (sth) away; to vilify; (l
主題	zhu3 ti2	theme; subject
令	ling4	classifier for a ream of paper
允許	yun3 xu3	to permit; to allow
具體	ju4 ti3	concrete; specific; detailed
創新	chuang4 xin1	to bring forth new ideas; to blaze new trails; innovation
及其	ji2 qi2	(conjunction linking two nouns) and its ...; and their ...; and his ...; and her
嘛	ma5	modal particle indicating that sth is obvious; particle indicating a pause for e
城	cheng2	city walls; city; town
委員	wei3 yuan2	committee member
幾	ji1	(literary) almost
感謝	gan3 xie4	to thank; to be grateful
放棄	fang4 qi4	to renounce; to abandon; to give up
方向	fang1 xiang4	direction; orientation
檢查	jian3 cha2	inspection; to examine; to inspect
無論	wu2 lun4	no matter what or how; regardless of whether...
現實	xian4 shi2	reality; actuality; real; actual; realistic; pragmatic; materialistic; self-inte
神	shen2	god; deity; supernatural; magical; mysterious; spirit; mind; energy; lively; exp
糰	tuan2	dumpling
舉辦	ju3 ban4	to conduct; to hold (an event)
設	she4	to set up; to put in place; (math.) given; suppose; if
質量	zhi2 liang4	(physics) mass; quality (i.e. degree of excellence); quality and quantity
速度	su4 du4	speed; rate; velocity; (music) tempo
醫生	yi1 sheng1	doctor; medical practitioner
鎮	zhen4	to press down; to calm; to subdue; to suppress; to guard; garrison; small town; 
雙方	shuang1 fang1	bilateral; both sides; both parties involved
類似	lei4 si4	similar; analogous
下載	xia4 zai3	to download; also pr. [xia4zai4]
久	jiu3	(of a period of time) long
估計	gu1 ji4	to estimate; to assess; to calculate; (coll.) to reckon; to think (that ...)
偉大	wei3 da4	huge; great; grand; worthy of the greatest admiration; important (contribution e
先進	xian1 jin4	sophisticated; advanced (technology etc); meritorious; exemplary (deeds etc)
出口	chu1 kou3	an exit; to speak; to export; (of a ship) to leave port
包	bao1	to cover; to wrap; to hold; to include; to take charge of; to contract (to or fo
去年	qu4 nian5	last year
命令	ming4 ling4	order; command
國民	guo2 min2	nationals; citizens; people of a nation
境內	jing4 nei4	within the borders; internal (to a country, province, city etc); domestic
學會	xue2 hui4	to learn; to master; institute; learned society; (scholarly) association
尋找	xun2 zhao3	to seek; to look for
師	shi1	teacher; master; expert; model; army division; (old) troops; to dispatch troops
從事	cong2 shi4	to go for; to engage in; to undertake; to deal with; to handle; to do
懂	dong3	to understand; to comprehend
指導	zhi3 dao3	to guide; to direct; to instruct; coach; trainer
換	huan4	to exchange; to change (clothes etc); to substitute; to switch; to convert (curr
整體	zheng3 ti3	whole; entirety; overall; whole; general; on the whole; overall
明確	ming2 que4	clear-cut; definite; explicit; to clarify; to specify; to make definite
本來	ben3 lai2	original; originally; at first; it goes without saying; of course
案	an4	(legal) case; incident; record; file; table
法院	fa3 yuan4	court of law; court
熱	re4	to warm up; to heat up; hot (of weather); heat; fervent
犯罪	fan4 zui4	to commit a crime; crime; offense
發揮	fa1 hui1	to display; to exhibit; to bring out implicit or innate qualities; to express (a
科	ke1	branch of study; administrative section; division; field; branch; stage directio
統治	tong3 zhi4	to rule (a country); to govern; rule; regime
老闆	lao3 ban3	boss; proprietor
英雄	ying1 xiong2	hero
見到	jian4 dao4	to see
詞	ci2	word; statement; speech; lyrics; a form of lyric poetry, flourishing in the Song
豐富	feng1 fu4	to enrich; rich; plentiful; abundant
距離	ju4 li2	distance; separation (in space or time); to be ... away from; to be ... from
週	zhou1	week; weekly; variant of 周[zhou1]
那種	na4 zhong3	that kind of
隨	sui2	to follow; to comply with; varying according to...; to allow; subsequently
電	dian4	lightning; electricity; electric (bound form); to get (or give) an electric shoc
食品	shi2 pin3	foodstuff; food; provisions
鼓勵	gu3 li4	to encourage
不足	bu4 zu2	insufficient; lacking; deficiency; not enough; inadequate; not worth; cannot; sh
使得	shi3 de5	usable; serviceable; feasible; workable; doable; to make; to cause; to bring abo
共有	gong4 you3	in total there are ...; to own jointly
動作	dong4 zuo4	movement; motion; action; to act; to move
取	qu3	to take; to get; to choose; to fetch
品牌	pin3 pai2	brand; brand name
培養	pei2 yang3	to cultivate; to breed; to foster; to nurture; to educate; to groom (for a posit
太陽	tai4 yang2	sun; sunlight; sunshine; temple (on the side of the human head) (abbr. for 太陽穴|太
客戶	ke4 hu4	client; customer
尊重	zun1 zhong4	to esteem; to respect; to honor; to value; eminent; serious; proper
就算	jiu4 suan4	(coll.) even if
平等	ping2 deng3	equal; equality
形象	xing2 xiang4	image; form; figure; visualization; vivid
心裡	xin1 li5	chest; heart; mind
懷疑	huai2 yi2	to doubt (sth); to be skeptical of; to have one's doubts; to harbor suspicions; 
投票	tou2 piao4	to vote; to cast a vote
推廣	tui1 guang3	to extend; to spread; to popularize; generalization; promotion (of a product etc
收到	shou1 dao4	to receive
普遍	pu3 bian4	universal; general; widespread; common
槍	qiang1	gun; firearm; rifle; spear; thing with shape or function similar to a gun; to su
比例	bi3 li4	proportion; scale
測試	ce4 shi4	to test (machinery etc); to test (a person's skill in a particular area); a test
用來	yong4 lai2	to be used for
瘋狂	feng1 kuang2	crazy; frenzied; wild
石油	shi2 you2	oil; petroleum
立法	li4 fa3	to enact laws; to legislate
網上	wang3 shang4	online
自我	zi4 wo3	the self; oneself; self-; (psychology) ego
複	fu4	to repeat; to double; to overlap; complex (not simple); compound; composite; dou
議員	yi4 yuan2	member (of a legislative body); representative
轉移	zhuan3 yi2	to shift; to relocate; to transfer; (fig.) to shift (attention); to change (the 
酒店	jiu3 dian4	wine shop; pub (public house); hotel; restaurant; (Tw) hostess club
面前	mian4 qian2	in front of; facing; (in the) presence (of)
飛	fei1	to fly
七	qi1	seven; 7
中間	zhong1 jian1	the middle; the inside; in the middle; within; between; among; during; in the me
事物	shi4 wu4	thing; object
令人	ling4 ren2	to cause one (to do sth); to make one (angry, delighted etc)
信號	xin4 hao4	signal
公路	gong1 lu4	highway; road
刺激	ci4 ji1	to provoke; to irritate; to upset; to stimulate; to excite; irritant
南部	nan2 bu4	southern part
古代	gu3 dai4	ancient times
周圍	zhou1 wei2	environs; surroundings; periphery
啥	sha2	dialectal equivalent of 什麼|什么[shen2 me5]; also pr. [sha4]
地點	di4 dian3	place; site; location; venue
多次	duo1 ci4	many times; repeatedly
天天	tian1 tian1	every day
安裝	an1 zhuang1	to install; to erect; to fix; to mount; installation
將軍	jiang1 jun1	general; high-ranking military officer; to check or checkmate; fig. to embarrass
工資	gong1 zi1	wages; pay
年齡	nian2 ling2	(a person's) age
建造	jian4 zao4	to construct; to build
意	yi4	(bound form) idea; thought; meaning; sense; (bound form) intention; feeling; inc
成熟	cheng2 shu2	mature; ripe; to mature; to ripen
授權	shou4 quan2	to authorize
攝影	she4 ying3	to take a photograph; photography; to shoot (a movie)
方便	fang1 bian4	convenient; suitable; to facilitate; to make things easy; having money to spare;
更是	geng4 shi4	even more (so)
林	lin2	(bound form) woods; forest; (bound form) circle(s) (i.e. specific group of peopl
武裝	wu3 zhuang1	arms; equipment; to arm; military; armed (forces)
治理	zhi4 li3	to govern; to administer; to manage; to control; governance
演出	yan3 chu1	to act (in a play); to perform; to put on (a performance); performance; concert;
牛	niu2	ox; cow; bull; newton (abbr. for 牛頓|牛顿[niu2 dun4]); (slang) awesome
理想	li3 xiang3	an ideal; a dream; ideal; perfect
發射	fa1 she4	to shoot (a projectile); to fire (a rocket); to launch; to emit (a particle); to
知	zhi1	to know; to be aware
立刻	li4 ke4	immediately; at once; right away
簽署	qian1 shu4	to sign (an agreement)
總部	zong3 bu4	headquarters
職務	zhi2 wu4	post; position; job; duties
自殺	zi4 sha1	to kill oneself; to commit suicide; to attempt suicide
血	xue4	blood; colloquial pr. [xie3]
要是	yao4 shi4	(coll.) if
試圖	shi4 tu2	to attempt; to try
警告	jing3 gao4	to warn; to admonish
賺	zhuan4	to earn; to make a profit
轉變	zhuan3 bian4	to change; to transform; shift; transformation
進去	jin4 qu4	to go in
邏輯	luo2 ji2	(loanword) logic
集體	ji2 ti3	collective (decision); joint (effort); a group; a team; en masse; as a group
首	shou3	head; chief; first (occasion, thing etc); classifier for poems, songs etc
黑人	hei1 ren2	black person; an illegal
一面	yi1 mian4	one side; one aspect; simultaneously... (and...); one's whole face
不必	bu4 bi4	need not; does not have to; not necessarily
人為	ren2 wei2	artificial; man-made; having human cause or origin; human attempt or effort
依	yi1	to depend on; to comply with or listen to sb; according to; in the light of
停	ting2	to stop; to halt; to park (a car)
八	ba1	eight
利	li4	sharp; favorable; advantage; benefit; profit; interest; to do good to; to benefi
北部	bei3 bu4	northern part
可憐	ke3 lian2	pitiful; pathetic; to have pity on
呼籲	hu1 yu4	to call on (sb to do sth); to appeal (to); an appeal
噸	dun4	ton (loanword)
圣	ku1	(literary) to dig with persistent effort (e.g. to gather wild vegetables)
大師	da4 shi1	great master; master
子女	zi3 nu:3	children; sons and daughters
射	she4	to shoot; to launch; to allude to; radio- (chemistry)
小心	xiao3 xin1	to be careful; to take care
廁所	ce4 suo3	toilet; lavatory
得以	de2 yi3	able to; so that sb can; enabling; in order to; finally in a position to; with s
患者	huan4 zhe3	patient; sufferer
憑	ping2	to lean on; to lean against; to rely on; to depend on; (bound form) evidence; pr
打電話	da3 dian4 hua4	to make a telephone call
接著	jie1 zhe5	to catch and hold on; to continue; to go on to do sth; to follow; to carry on; t
族	zu2	race; nationality; ethnicity; clan; by extension, social group (e.g. office work
有限	you3 xian4	limited; finite
棒	bang4	stick; club; cudgel; smart; capable; strong; wonderful; classifier for legs of a
歐	ou1	ohm (abbr. for 歐姆|欧姆[ou1 mu3]); euro (abbr. for 歐元|欧元[ou1 yuan2]); used in trans
決策	jue2 ce4	strategic decision; decision-making; policy decision; to determine policy
消滅	xiao1 mie4	to put an end to; to annihilate; to cause to perish; to perish; annihilation (in
火車	huo3 che1	train
獲取	huo4 qu3	to gain; to get; to acquire
男孩	nan2 hai2	boy
直	zhi2	straight; to straighten; fair and reasonable; frank; straightforward; (indicates
祖國	zu3 guo2	motherland
等級	deng3 ji2	grade; rank; status
經費	jing1 fei4	funds; expenditure
職	zhi2	office; duty
自行	zi4 xing2	voluntary; autonomous; by oneself; self-
藝術家	yi4 shu4 jia1	artist
視為	shi4 wei2	to view as; to see as; to consider to be; to deem
評估	ping2 gu1	to evaluate; to assess; assessment; evaluation
談話	tan2 hua4	to talk (with sb); to have a conversation; talk; conversation
質	zhi4	character; nature; quality; plain; to pawn; pledge; hostage; to question
載	zai3	to record in writing; to carry (i.e. publish in a newspaper etc); year
造	zao4	to make; to build; to manufacture; to invent; to fabricate; to go to; party (in 
醫學	yi1 xue2	medicine; medical science; study of medicine
障礙	zhang4 ai4	barrier; obstruction; hindrance; impediment; obstacle
領土	ling3 tu3	territory
騙子	pian4 zi5	swindler; a cheat
一人	yi1 ren2	one person; a single person; (literary) the emperor
不幸	bu4 xing4	misfortune; adversity; unfortunate; sad; unfortunately
主辦	zhu3 ban4	to organize; to host (a conference or sports event)
人性	ren2 xing4	human nature; humanity; human; the totality of human attributes
企圖	qi4 tu2	to attempt; to try; attempt
例子	li4 zi5	case; (for) instance; example
倆	lia3	two (colloquial equivalent of 兩個|两个); both; some
內地	nei4 di4	inland; interior; hinterland
公正	gong1 zheng4	just; fair; equitable
刀	dao1	knife; blade; single-edged sword; cutlass (CL:把[ba3]); (slang) (loanword) dollar
刪除	shan1 chu2	to delete; to cancel
劉	liu2	(classical) a type of battle-ax; to kill; to slaughter
千萬	qian1 wan4	ten million; countless; many; one must by all means
反正	fan3 zheng4	anyway; in any case; to come over from the enemy's side
司	si1	to take charge of; to manage; department (under a ministry)
吹	chui1	to blow; to play a wind instrument; to blast; to puff; to boast; to brag; to end
哪兒	na3 r5	where?; wherever; anywhere; somewhere; (used in rhetorical questions) how can ..
圍繞	wei2 rao4	to revolve around; to center on (an issue)
基層	ji1 ceng2	basic level; grassroots unit; basement layer
外面	wai4 mian4	outside (also pr. [wai4 mian5] for this sense); surface; exterior; external appe
大批	da4 pi1	large quantities of
失業	shi1 ye4	unemployment; to lose one's job
客	ke4	customer; visitor; guest; classifier for servings or portions (when ordering foo
寶貝	bao3 bei4	treasured object; treasure; darling; baby; cowry; good-for-nothing or queer char
尼	ni2	Buddhist nun; (often used in phonetic spellings)
工程師	gong1 cheng2 shi1	engineer
平民	ping2 min2	ordinary people; commoner (contrasted with the privileged); civilian (contrasted
建國	jian4 guo2	to found a country; nation-building; the foundation of PRC by Mao Zedong in 1949
形態	xing2 tai4	shape; form; pattern; morphology
急	ji2	urgent; pressing; rapid; hurried; worried; to make (sb) anxious
情形	qing2 xing2	circumstances; situation; state of affairs
截至	jie2 zhi4	up to (a time); by (a time)
技能	ji4 neng2	technical ability; skill
指控	zhi3 kong4	accusation; a (criminal) charge; to accuse
搬	ban1	to move (i.e. relocate oneself); to move (sth relatively heavy or bulky); to shi
支	zhi1	to support; to sustain; to erect; to raise; branch; division; to draw money; cla
教會	jiao4 hui4	to show; to teach
方針	fang1 zhen1	policy; guidelines
最初	zui4 chu1	first; primary; initial; original; at first; initially; originally
某種	mou3 zhong3	some kind (of)
機器人	ji1 qi4 ren2	robot; android
殺害	sha1 hai4	to murder
波	bo1	wave; ripple; storm; surge
溫度	wen1 du4	temperature
無關	wu2 guan1	unrelated; having nothing to do (with sth else)
物資	wu4 zi1	goods; supplies
環	huan2	ring; hoop; loop; (chain) link; classifier for scores in archery etc; to surroun
瘋	feng1	insane; mad; wild
眼前	yan3 qian2	before one's eyes; now; at present
秘書長	mi4 shu1 zhang3	secretary-general
突出	tu2 chu1	prominent; outstanding; to give prominence to; to protrude; to project
納	na4	to receive; to accept; to enjoy; to bring into; to pay (tax etc); nano- (one bil
線路	xian4 lu4	(electricity) line; circuit; wire; (traffic) road; track; route
考	kao3	to check; to verify; to test; to examine; to take an exam; to take an entrance e
脫	tuo1	to shed; to take off; to escape; to get away from
舒服	shu1 fu5	comfortable; feeling well
蓋	gai4	lid; top; cover; canopy; to cover; to conceal; to build
被捕	bei4 bu3	to be arrested; under arrest
許可	xu3 ke3	to allow; to permit
說道	shuo1 dao4	to state; to say (the quoted words)
負擔	fu4 dan1	to bear (an expense, a responsibility etc); burden
趕快	gan3 kuai4	quickly; at once
輸入	shu1 ru4	to import; to input
農場	nong2 chang2	farm
週末	zhou1 mo4	weekend
遵守	zun1 shou3	to comply with; to abide by; to respect (an agreement)
邪惡	xie2 e4	sinister; vicious; wicked; evil
錄	lu4	diary; record; to hit; to copy
陞	sheng1	to ascend; to rise (variant of 升[sheng1]); to promote; to elevate (variant of 升[
難民	nan4 min2	refugee
顧問	gu4 wen4	adviser; consultant
魔	mo2	(bound form) evil spirit; devil; (prefix) supernatural; magical
一輩子	yi1 bei4 zi5	(for) a lifetime
不准	bu4 zhun3	not to allow; to forbid; to prohibit
事兒	shi4 r5	one's employment; business; matter that needs to be settled; (northern dialect) 
价	jie4	(literary) messenger; servant
便是	bian4 shi4	(emphasizes that sth is precisely or exactly as stated); precisely; exactly; eve
傳奇	chuan2 qi2	legendary; fantasy saga; romance; short stories of the Tang and Song Dynasty
內戰	nei4 zhan4	civil war
兵	bing1	soldiers; a force; an army; weapons; arms; military; warlike
列車	lie4 che1	(railway) train
創意	chuang4 yi4	creative; creativity
勞動力	lao2 dong4 li4	labor force; manpower
即可	ji2 ke3	equivalent to 就可以; can then (do sth); can immediately (do sth); (do sth) and tha
只好	zhi3 hao3	to have no other option but to ...; to have to; to be forced to
命名	ming4 ming2	to give a name to; to dub; to christen; to designate; named after; naming
回報	hui2 bao4	(in) return; reciprocation; payback; retaliation; to report back; to reciprocate
塞	sai1	to plug; to stop up; to stuff in; (bound form) a stopper; a cork
大聲	da4 sheng1	loud voice; in a loud voice; loudly
女友	nu:3 you3	girlfriend
婚禮	hun1 li3	wedding ceremony; wedding
家屬	jia1 shu3	family member; (family) dependent
小型	xiao3 xing2	small scale; small size
工作人員	gong1 zuo4 ren2 yuan2	staff member
底	de5	(equivalent to 的 as possessive particle)
影響力	ying3 xiang3 li4	influence; impact
恩	en1	favor; grace; kindness; (coll.) used like 嗯[en4] in online chat, expressing agre
戰場	zhan4 chang2	battlefield
技巧	ji4 qiao3	skill; technique
指責	zhi3 ze2	to criticize; to find fault with; to denounce
提議	ti2 yi4	to propose; to suggest; proposal; suggestion
收益	shou1 yi4	earnings; profit
旁	pang2	one side; other; different; lateral component of a Chinese character (such as 刂[
時尚	shi2 shang4	fashion; fad; fashionable
望	wang4	full moon; to hope; to expect; to visit; to gaze (into the distance); to look to
核	he2	pit; stone; nucleus; nuclear; to examine; to check; to verify
權威	quan2 wei1	authority; authoritative; power and prestige
殘酷	can2 ku4	cruel; harsh; merciless
沒法	mei2 fa3	at a loss; unable to do anything about it; to have no choice
清理	qing1 li3	to clear up; to tidy up; to dispose of
火箭	huo3 jian4	rocket
爺爺	ye2 ye5	(coll.) paternal grandfather; grandpa
玩具	wan2 ju4	plaything; toy
田	tian2	field; farm
發動機	fa1 dong4 ji1	engine; motor
皮	pi2	skin; peel; rind; outer layer; leather; hide; fur; cover; wrapping; outer coveri
石	dan4	dry measure for grain equal to ten dou 斗[dou3]; one hundred liters; ancient pr. 
福	fu2	good fortune; happiness; luck
筆	bi3	writing brush; writing implement (pen, pencil etc) (CL:支[zhi1],枝[zhi1]); brushst
粉絲	fen3 si1	bean vermicelli; mung bean starch noodles; cellophane noodles; fan; enthusiast f
結局	jie2 ju2	conclusion; ending; outcome
線上	xian4 shang4	online
美食	mei3 shi2	culinary delicacy; fine food; gourmet food
腦袋	nao3 dai5	head; skull; brains; mental capability
草案	cao3 an4	draft (legislation, proposal etc)
行使	xing2 shi3	to exercise (a right etc)
親愛	qin1 ai4	dear; beloved; darling
詩歌	shi1 ge1	poem
護士	hu4 shi4	nurse
買賣	mai3 mai4	to buy and sell
贊	zan4	(bound form) to patronize; to support; to aid; (bound form) to praise; to laud
辦事	ban4 shi4	to handle (affairs); to work
這邊	zhe4 bian1	this side; here
遠離	yuan3 li2	to be far from; to keep away from
銀	yin2	silver; silver-colored; relating to money or currency
隊長	dui4 zhang3	captain; team leader
面向	mian4 xiang4	to face; to turn towards; geared towards; catering for; -oriented; (Tw) aspect; 
風暴	feng1 bao4	storm; violent commotion; fig. crisis (e.g. revolution, uprising, financial cris
高層	gao1 ceng2	high-rise; high level; high class
一線	yi1 xian4	front line; front-line position; a ray of; a glimmer of (hope, light etc)
上次	shang4 ci4	last time
不變	bu4 bian4	constant; unvarying; (math.) invariant
予以	yu3 yi3	to give; to impose; to apply
企業家	qi4 ye4 jia1	entrepreneur
保衛	bao3 wei4	to defend; to safeguard
假裝	jia3 zhuang1	to feign; to pretend
儀器	yi2 qi4	instrument; apparatus
全年	quan2 nian2	the whole year; all year long
出臺	chu1 tai2	to officially launch (a policy, program etc); to appear on stage; to appear publ
刺	ci4	(onom.) whoosh
力度	li4 du4	strength; vigor; efforts; (music) dynamics
南北	nan2 bei3	north and south; north to south
口味	kou3 wei4	a person's preferences; tastes (in food); flavor
吉	ji2	lucky; giga- (meaning billion or 10^9)
否定	fou3 ding4	to negate; to deny; to reject; negative (answer); negation
唉	ai1	interjection or grunt of agreement or recognition (e.g. yes, it's me!); to sigh
回收	hui2 shou1	to recycle; to reclaim; to retrieve; to recover; to recall (a defective product)
地帶	di4 dai4	zone
報警	bao4 jing3	to sound an alarm; to report sth to the police
外資	wai4 zi1	foreign investment; foreign capital
天地	tian1 di4	heaven and earth; world; scope; field of activity
姆	mu3	(old) female tutor; used in 保姆[bao3 mu3]
存	cun2	to exist; to deposit; to store; to keep; to survive
家伙	jia1 huo5	household dish, implement or furniture; domestic animal; (coll.) guy; chap; weap
寺	si4	Buddhist temple; mosque; government office (old)
小區	xiao3 qu1	housing estate; community; neighborhood; (telecommunications) cell
層次	ceng2 ci4	layer; level; gradation; arrangement of ideas; (a person's) standing
席	xi2	woven mat; seat; banquet; place in a democratic assembly; classifier for banquet
平安	ping2 an1	safe and sound; well; without mishap; quiet and safe; at peace
弱	ruo4	weak; feeble; young; inferior; not as good as; (following a decimal or fraction)
後悔	hou4 hui3	to regret; to feel remorse
惡化	e4 hua4	to worsen
戀愛	lian4 ai4	(romantic) love; in love; to have an affair
手指	shou3 zhi3	finger
折磨	zhe2 mo2	to torment; to torture
招聘	zhao1 pin4	to invite applications for a job; to recruit
控	kong4	to control; to accuse; to charge; to sue; to invert a container to empty it; (su
擦	ca1	to rub; to scratch; to wipe; to polish; to apply (lipstick, lotion etc); to brus
救援	jiu4 yuan2	to save; to support; to help; to assist
新鮮	xin1 xian5	fresh (experience, food etc); freshness; novel; uncommon
暗	an4	dark; to turn dark; secret; hidden; (literary) confused; ignorant
會長	hui4 zhang3	president of a club, committee etc
服	fu2	clothes; dress; garment; to serve (in the military, a prison sentence etc); to o
東南	dong1 nan2	southeast
樂觀	le4 guan1	optimistic; hopeful
欠	qian4	to owe; to lack; (literary) to be deficient in; (bound form) yawn; to raise slig
毀滅	hui3 mie4	to perish; to ruin; to destroy
永久	yong3 jiu3	everlasting; perpetual; lasting; forever; permanent
沿海	yan2 hai3	coastal
流傳	liu2 chuan2	to spread; to circulate; to hand down
清晰	qing1 xi1	clear; distinct
湯	shang1	rushing current
激發	ji1 fa1	to arouse; to stimulate; (physics) to excite
無聊	wu2 liao2	bored; boring; senseless
燃料	ran2 liao4	fuel
版權	ban3 quan2	copyright
獨裁	du2 cai2	dictatorship
生效	sheng1 xiao4	(of a law, contract, agreement, ban etc) to come into force; to go into effect; 
畫家	hua4 jia1	painter
症狀	zheng4 zhuang4	symptom (of an illness)
皇后	huang2 hou4	empress; imperial consort
看出	kan4 chu1	to make out; to see
砍	kan3	to chop; to cut down; to throw sth at sb
示範	shi4 fan4	to demonstrate; to show how to do sth; demonstration; a model example
程	cheng2	rule; order; regulations; formula; journey; procedure; sequence
笑話	xiao4 hua4	joke; jest; to laugh at; to mock; ridiculous; absurd
簽證	qian1 zheng4	visa; to issue a visa
終身	zhong1 shen1	lifelong; all one's life; marriage
練習	lian4 xi2	to practice; exercise; drill; practice
罪犯	zui4 fan4	criminal
考驗	kao3 yan4	to test; to put to the test; trial; ordeal
肌肉	ji1 rou4	muscle; flesh
自願	zi4 yuan4	voluntary
艾	ai4	Chinese mugwort (Artemisia); moxa; used in transliteration
蔬菜	shu1 cai4	vegetables
行政區	xing2 zheng4 qu1	administrative district
視覺	shi4 jue2	sight; vision; visual
談論	tan2 lun4	to discuss; to talk about
譯	yi4	to translate; to interpret
賊	zei2	thief; robber; (bound form) traitor; subversive; (bound form) evil; wicked; sly;
起義	qi3 yi4	uprising; insurrection; revolt
身份證	shen1 fen4 zheng4	identity card; ID
辦公	ban4 gong1	to handle official business (usu. in an office); to do (office) work
通用	tong1 yong4	to use anywhere, anytime (card, ticket etc); to be used by everyone (language, t
違背	wei2 bei4	to go against; to be contrary to; to violate
酒吧	jiu3 ba1	bar (place to buy drinks)
錯過	cuo4 guo4	to miss (train, opportunity etc)
開除	kai1 chu2	to expel (a member of an organization); to fire (an employee)
陸	liu4	six (banker's anti-fraud numeral)
雙手	shuang1 shou3	both hands
鞏固	gong3 gu4	to consolidate; to strengthen; firm; solid; stable
頻率	pin2 lu:4	frequency
餵	wei4	to feed
體內	ti3 nei4	within the body; in vivo
魅力	mei4 li4	charm; fascination; glamor; charisma
一共	yi1 gong4	in total; altogether
上周	shang4 zhou1	last week
不怕	bu4 pa4	fearless; not worried (by setbacks or difficulties); even if; even though
主編	zhu3 bian1	editor in chief
亮	liang4	bright; light; to shine; to flash; loud and clear; to show (one's passport etc);
仿佛	fang3 fu2	to seem; as if; seemingly; alike; similar
侮辱	wu3 ru4	to insult; to humiliate; dishonor
健全	jian4 quan2	robust; sound
優良	you1 liang2	fine; good; first-rate
全力	quan2 li4	with all one's strength; full strength; all-out (effort); fully (support)
冬天	dong1 tian1	winter
出賣	chu1 mai4	to offer for sale; to sell; to sell out; to betray
前景	qian2 jing3	foreground; vista; (future) prospects; perspective
勁	jin4	strength; energy; enthusiasm; spirit; mood; expression; interest
十五	shi2 wu3	fifteen; 15
參議員	can1 yi4 yuan2	senator
君	jun1	monarch; lord; gentleman; ruler
唱歌	chang4 ge1	to sing a song
喲	yao1	Oh! (interjection indicating slight surprise); also pr. [yao1]
國土	guo2 tu3	country's territory; national land
在場	zai4 chang2	to be present; to be on the scene
基金會	ji1 jin1 hui4	foundation (institution supported by an endowment)
大使館	da4 shi3 guan3	embassy
失誤	shi1 wu4	lapse; mistake; to make a mistake; fault; service fault (in volleyball, tennis e
娘	niang2	mother; young lady; (coll.) effeminate
孫	sun1	grandson; descendant
宿舍	su4 she4	dormitory; dorm room; living quarters; hostel
審批	shen3 pi1	to examine and approve; to endorse
專項	zhuan1 xiang4	special; dedicated
崛起	jue2 qi3	to rise abruptly (to a towering position); to tower over; to spring up; to emerg
帝	di4	(bound form) emperor; sovereign; supreme deity
平靜	ping2 jing4	calm; tranquil; serene
彙報	hui4 bao4	to report; to give an account of; report
從小	cong2 xiao3	from childhood; from a young age
悲傷	bei1 shang1	sad; sorrowful
愛上	ai4 shang4	to fall in love with; to be in love with
所有權	suo3 you3 quan2	ownership; possession; property rights; title (to property)
拍照	pai1 zhao4	to take a picture
排放	pai2 fang4	to arrange in order; to emit; to discharge (exhaust gas, waste water etc); (of a
提取	ti2 qu3	to withdraw (money); to collect (left luggage); to extract; to refine
撿	jian3	to pick up; to collect; to gather
支持者	zhi1 chi2 zhe3	supporter
效益	xiao4 yi4	benefit; effectiveness; efficiency
新年	xin1 nian2	New Year
昨日	zuo2 ri4	yesterday
曼	man4	handsome; large; long
架構	jia4 gou4	to construct; to build; structure; framework; architecture
森	sen1	(bound form) densely wooded; (fig.) (bound form) multitudinous; gloomy; forbiddi
模仿	mo2 fang3	to imitate; to copy; to emulate; to mimic; model
此處	ci3 chu4	this place; here (literary)
氣溫	qi4 wen1	air temperature
海峽	hai3 xia2	strait; channel
清單	qing1 dan1	list of items
演唱	yan3 chang4	to sing (for an audience); vocal performance
炒	chao3	to sauté; to stir-fry; to speculate (in real estate etc); to scalp; to hype up; 
營造	ying2 zao4	to build (housing); to construct; to make
牧師	mu4 shi1	chaplain; churchman; clergyman; parson; pastor; priest; rector
珍貴	zhen1 gui4	precious
畝	mu3	mu, Chinese unit of area equal to 1; 15 hectare (about 667 square meters)
白天	bai2 tian5	daytime; during the day; day
省級	sheng3 ji2	(administrative) province-level
硃	zhu1	(bound form) cinnabar
積分	ji1 fen1	integral (calculus); accumulated points (in sports, at school etc); total credit
筆記	bi3 ji4	to take down (in writing); notes; a type of literature consisting mainly of shor
籍	ji2	(bound form) book; record; register; (bound form) place of one's family or ances
糾紛	jiu1 fen1	dispute
絕大多數	jue2 da4 duo1 shu4	the vast majority
續	xu4	to continue; to replenish
老虎	lao3 hu3	tiger
聲援	sheng1 yuan2	to support (a cause)
腦	nao3	brain; mind; head; essence
舒適	shu1 shi4	cozy; snug
藝人	yi4 ren2	entertainer; performing artist; artisan; craftsman
衝動	chong1 dong4	to have an urge; to be impetuous; impulse; urge
規格	gui1 ge2	standard; norm; specification
訪談	fang3 tan2	to visit and discuss; to interview
謠言	yao2 yan2	rumor
賽事	sai4 shi4	competition (e.g. sporting)
轉載	zhuan3 zai4	to forward (a shipment); to reprint sth published elsewhere
逝世	shi4 shi4	to pass away; to die
過後	guo4 hou4	after the event
郭	guo1	outer city wall
金沙	jin1 sha1	gold dust; salted egg yolk sauce
開闢	kai1 pi4	to open up; to create; to establish
隔離	ge2 li2	to separate; to isolate
霧	wu4	fog; mist
預言	yu4 yan2	to predict; prophecy
首位	shou3 wei4	first place
高考	gao1 kao3	college entrance exam (especially as abbr. for 普通高等學校招生全國統一考試|普通高等学校招生全国统一考试[Pu3
一堆	yi1 dui1	pile; heap; a lot of; a bunch of
三分	san1 fen1	somewhat; to some degree
下滑	xia4 hua2	to slide down (a slope etc); (fig.) to decline
不禁	bu4 jin1	can't help (doing sth); can't refrain from
丹	dan1	red; pellet; powder; cinnabar
事後	shi4 hou4	after the event; in hindsight; in retrospect
人民法院	ren2 min2 fa3 yuan4	people's court (of law); people's tribunal
伯	bai3	one hundred (old)
保健	bao3 jian4	health protection; health care; to maintain in good health
停車場	ting2 che1 chang2	parking lot; car park
傳聞	chuan2 wen2	rumor
元年	yuan2 nian2	first year of an emperor's reign; first year of an era; first year of a signific
全家	quan2 jia1	whole family
公尺	gong1 chi3	(Tw) meter (unit of length)
凡是	fan2 shi4	each and every; every; all; any
分解	fen1 jie3	to resolve; to decompose; to break down
別墅	bie2 shu4	villa
前途	qian2 tu2	prospects; future outlook; journey
勉強	mian3 qiang3	to do with difficulty; to force sb to do sth; reluctant; barely enough
午夜	wu3 ye4	midnight
厚	hou4	thick; deep or profound; kind; generous; rich or strong in flavor; to favor; to 
又稱	you4 cheng1	also known as
受過	shou4 guo4	to take the blame (for sb else)
右派	you4 pai4	(political) right; right wing; rightist
君主	jun1 zhu3	monarch; sovereign
啪	pa1	(onom.) bang; pop; pow
噴	pen1	to spout; to spurt; to spray; to puff; (slang) to criticize scathingly (esp. onl
國家級	guo2 jia1 ji2	(administrative) national-level
報酬	bao4 chou2	reward; remuneration
壓縮	ya1 suo1	to compress; compression
夜間	ye4 jian1	nighttime; evening or night (e.g. classes)
太子	tai4 zi3	crown prince
奶	nai3	breast; milk; to breastfeed
嫌犯	xian2 fan4	criminal suspect
學費	xue2 fei4	tuition fee; tuition
宣	xuan1	to declare (publicly); to announce
寶貴	bao3 gui4	valuable; precious; to value; to treasure; to set store by
小學生	xiao3 xue2 sheng1	primary school student; schoolchild; (fig.) beginner
就此	jiu4 ci3	at this point; thus; from then on
巨人	ju4 ren2	giant
幅	fu2	width; roll; classifier for textiles or pictures
度假	du4 jia4	to go on holidays; to spend one's vacation
強勢	qiang2 shi4	strong; powerful; (linguistics) emphatic; intensive
忍	ren3	to bear; to endure; to tolerate; to restrain oneself
怪物	guai4 wu4	monster; freak; eccentric person
愛好者	ai4 hao4 zhe3	lover (of art, sports etc); amateur; enthusiast; fan
戀	lian4	to feel attached to; to long for; to love
手工	shou3 gong1	handwork; manual
扶貧	fu2 pin2	assistance to the poor; poverty alleviation
拜訪	bai4 fang3	to pay a visit; to call on
捍衛	han4 wei4	to defend; to uphold; to safeguard
掠奪	lu:e4 duo2	to plunder; to rob
撤	che4	to remove; to take away
操控	cao1 kong4	to control; to manipulate
改稱	gai3 cheng1	to change a name; to rename
救助	jiu4 zhu4	to help sb in trouble; aid; assistance
新聞網	xin1 wen2 wang3	news agency
早餐	zao3 can1	breakfast
晚會	wan3 hui4	evening party
更改	geng1 gai3	to alter
有罪	you3 zui4	guilty
杜	du4	birchleaf pear (tree); to stop; to prevent; to restrict
概率	gai4 lu:4	probability (math.)
樣本	yang4 ben3	sample; specimen
此地	ci3 di4	here; this place
殿	dian4	palace hall
氣質	qi4 zhi2	personality traits; temperament; disposition; aura; air; feel; vibe; refinement;
沙灘	sha1 tan1	beach; sandy shore
注入	zhu4 ru4	to pour into; to empty into
海報	hai3 bao4	poster; playbill; notice
深深	shen1 shen1	deep; profound
滲透	shen4 tou4	(lit. and fig.) to permeate; to seep into; (of a product, idea etc) to penetrate
潮	chao2	tide; damp; moist; humid; fashionable; trendy; (coll.) inferior; substandard
火星	huo3 xing1	spark (from a fire)
無知	wu2 zhi1	ignorant; ignorance
煽動	shan1 dong4	to incite; to instigate
猜測	cai1 ce4	to guess; to conjecture; to surmise
理智	li3 zhi4	reason; intellect; rationality; rational
用力	yong4 li4	to exert oneself physically
瘦	shou4	thin; to lose weight; (of clothing) tight; (of meat) lean; (of land) unproductiv
直徑	zhi2 jing4	diameter
瞄準	miao2 zhun3	to take aim at; to target
碳	tan4	carbon (chemistry)
科目	ke1 mu4	academic subject; field of study
競爭力	jing4 zheng1 li4	competitive strength; competitiveness
精華	jing1 hua2	best feature; most important part of an object; quintessence; essence; soul
統治者	tong3 zhi4 zhe3	ruler
總監	zong3 jian1	head; director (of an organizational unit); (police) commissioner; inspector-gen
翹	qiao2	outstanding; to raise
胖	pan2	healthy; at ease
自拍	zi4 pai1	to take a picture or video of oneself; to take a selfie; a selfie
船舶	chuan2 bo2	shipping; boats
荒謬	huang1 miu4	absurd; ridiculous
處處	chu4 chu4	everywhere; in all respects
行列	hang2 lie4	formation; array; (fig.) ranks (as in "join the ranks of ...")
製品	zhi4 pin3	products; goods
言語	yan2 yu3	words; speech; (spoken) language
詐騙	zha4 pian4	to defraud; to swindle; to blackmail
誠信	cheng2 xin4	honesty; trustworthiness; good faith
論證	lun4 zheng4	to prove a point; to expound on; to demonstrate or prove (through argument); pro
貝	bei4	cowrie; shellfish; currency (archaic)
贊助	zan4 zhu4	to sponsor; to provide financial or material support
趁	chen4	to avail oneself of; to take advantage of
路邊	lu4 bian1	curb; roadside; wayside
轉發	zhuan3 fa1	to transmit; to forward (mail, SMS, packets of data); to pass on; to republish (
迷你	mi2 ni3	(loanword) mini-; miniature; very small
進球	jin4 qiu2	to score a goal; goal (sport)
選項	xuan3 xiang4	option; alternative; choice; to choose a project
醉	zui4	intoxicated
釦	kou4	button
鍵	jian4	key (on a piano or computer keyboard); button (on a mouse or other device); chem
長官	zhang3 guan1	senior official; senior officer; commanding officer; sir (term of address for se
開支	kai1 zhi1	expenditures; expenses (CL:筆|笔[bi3],項|项[xiang4]); to spend money; (coll.) to pay
陌生人	mo4 sheng1 ren2	stranger
陽	yang2	positive (electric.); sun; male principle (Taoism); Yang, opposite: 陰|阴[yin1]
雅	ya3	elegant
電源	dian4 yuan2	electric power source
頒	ban1	to promulgate; to send out; to issue; to grant or confer
餘額	yu2 e2	balance (of an account, bill etc); surplus; remainder
高溫	gao1 wen1	high temperature
鴨	ya1	duck (CL:隻|只[zhi1]); (slang) male prostitute
一再	yi1 zai4	repeatedly
上游	shang4 you2	upper reaches (of a river); upper level; upper echelon; upstream
不可思議	bu4 ke3 si1 yi4	(idiom) inconceivable; unimaginable; unfathomable
主教	zhu3 jiao4	bishop
交叉	jiao1 cha1	to cross; to intersect; to overlap
伯爵	bo2 jue2	earl; count; earldom or countship (old)
來源於	lai2 yuan2 yu2	to originate in
俠	xia2	knight-errant; brave and chivalrous; hero; heroic
做夢	zuo4 meng4	to dream; to have a dream; (fig.) to indulge in wishful thinking
元首	yuan2 shou3	head of state
兌現	dui4 xian4	(of a check etc) to cash; to honor a commitment
公交車	gong1 jiao1 che1	public transport vehicle; town bus
典範	dian3 fan4	model; example; paragon
出動	chu1 dong4	to start out on a trip; to dispatch troops
初次	chu1 ci4	for the first time; first (meeting, attempt etc)
前輩	qian2 bei4	senior; older generation; precursor
動用	dong4 yong4	to utilize; to put sth to use
千米	qian1 mi3	kilometer
原子	yuan2 zi3	atom; atomic
受損	shou4 sun3	to suffer damage
右手	you4 shou3	right hand; right-hand side
向來	xiang4 lai2	always (previously)
售價	shou4 jia4	selling price
器材	qi4 cai2	equipment; material
土豆	tu3 dou4	potato; (Tw) peanut (CL:顆|颗[ke1])
執照	zhi2 zhao4	license; permit
壓抑	ya1 yi4	to constrain or repress emotions; oppressive; stifling; depressing; repression
多大	duo1 da4	how old?; how big?; how much?; so big; that much
大體	da4 ti3	in general; more or less; in rough terms; basically; on the whole; overall situa
奠定	dian4 ding4	to establish; to fix; to settle
妹	mei4	younger sister
子宮	zi3 gong1	uterus; womb
客機	ke4 ji1	passenger plane
審訊	shen3 xun4	inquest; trial; interrogation; to try; to interrogate
對照	dui4 zhao4	to contrast; to compare; to place side by side for comparison (as parallel texts
少量	shao3 liang4	a smidgen; a little bit; a few
山地	shan1 di4	mountainous region; hilly area; hilly country
帕	pa4	to wrap; kerchief; handkerchief; headscarf; pascal (SI unit)
幅度	fu2 du4	width; extent; range; scope
幾何	ji3 he2	geometry; (literary) how much
引爆	yin3 bao4	to ignite; to detonate
影子	ying3 zi5	shadow; reflection; (fig.) hint; indication; influence
復甦	fu4 su1	to recover (health, economic); to resuscitate; anabiosis
怒	nu4	anger; fury; flourishing; vigorous
悲慘	bei1 can3	miserable; tragic
戰後	zhan4 hou4	after the war; postwar
手錶	shou3 biao3	wristwatch
拆遷	chai1 qian1	to demolish a building and relocate the inhabitants
捕魚	bu3 yu2	to catch fish; to fish
推遲	tui1 chi2	to postpone; to put off; to defer
損傷	sun3 shang1	to harm; to damage; to injure; impairment; loss; disability
擔	dan1	to undertake; to carry; to shoulder; to take responsibility
改組	gai3 zu3	to reorganize; to reshuffle (posts etc)
整整	zheng3 zheng3	whole; full
日誌	ri4 zhi4	journal; log (computing)
晉級	jin4 ji2	to advance in rank; promotion; advancement
書法	shu1 fa3	calligraphy; handwriting; penmanship
服用	fu2 yong4	to take (medicine)
東側	dong1 ce4	east side; east face
桌子	zhuo1 zi5	table; desk
樓梯	lou2 ti1	stair; staircase
步伐	bu4 fa1	pace; (measured) step; march
毆打	ou1 da3	to beat up; to come to blows; battery (law)
民族主義	min2 zu2 zhu3 yi4	nationalism; national self-determination; principle of nationalism, the first of
江湖	jiang1 hu2	rivers and lakes; all corners of the country; remote areas to which hermits retr
波音	bo1 yin1	mordent (music)
海水	hai3 shui3	seawater
湊	cou4	to gather together, pool or collect; to happen by chance; to move close to; to e
漢奸	han4 jian1	traitor (to China)
無形	wu2 xing2	incorporeal; virtual; formless; invisible (assets); intangible
熱心	re4 xin1	enthusiastic; ardent; zealous
狂熱	kuang2 re4	zealotry; fanatical; feverish
玩笑	wan2 xiao4	to joke; joke; jest
留學生	liu2 xue2 sheng1	student studying abroad; returned student; foreign student; international studen
癱瘓	tan1 huan4	(medicine) to suffer paralysis; (fig.) to be paralyzed; to break down; to come t
白痴	bai2 chi1	idiocy; idiot
直線	zhi2 xian4	straight line; sharply (rise or fall)
知識產權	zhi1 shi4 chan3 quan2	intellectual property rights (law)
禁令	jin4 ling4	prohibition; ban
空白	kong4 bai2	blank space
競	jing4	to compete; to contend; to struggle
精品	jing1 pin3	quality goods; premium product; fine work (of art)
素材	su4 cai2	source material (in literature and art)
維基	wei2 ji1	wiki (Internet)
繪	hui4	to draw; to paint; to depict; to portray
聖人	sheng4 ren2	sage; the Sage (i.e. Confucius); (old) (respectful way of addressing a monarch) 
膜	mo2	membrane; film
航天	hang2 tian1	space flight
荷	he2	lotus
處女	chu3 nu:3	virgin; maiden; maiden (voyage etc); virgin (land); (a novelist's) first (work)
蝴蝶	hu2 die2	butterfly
衛視	wei4 shi4	satellite TV (abbr. for 衛星電視|卫星电视[wei4 xing1 dian4 shi4])
視角	shi4 jiao3	angle from which one observes an object; (fig.) perspective; viewpoint; frame of
解開	jie3 kai1	to untie; to undo; to solve (a mystery)
語氣	yu3 qi4	tone; manner of speaking; mood
談談	tan2 tan2	to discuss; to have a chat
護理	hu4 li3	to nurse; to care for
責	ze2	duty; responsibility; to reproach; to blame
跨國	kua4 guo2	transnational; multinational
辦事處	ban4 shi4 chu4	office; agency; bureau
通行	tong1 xing2	to go through; to pass through; to be in general use
運動會	yun4 dong4 hui4	sports competition
遺忘	yi2 wang4	to forget; to cease to think about (sb or sth) anymore
酒精	jiu3 jing1	(coll.) ethanol; ethyl alcohol
量子	liang4 zi3	(physics) quantum
鍵盤	jian4 pan2	keyboard
閣	ge2	pavilion (usu. two-storied); cabinet (politics); boudoir; woman's chamber; rack;
降臨	jiang4 lin2	to descend; to arrive; to come
集成	ji2 cheng2	integrated (as in integrated circuit)
電動	dian4 dong4	electric-powered; (Tw) video game
霍	huo4	(literary) suddenly
風波	feng1 bo1	disturbance; crisis; disputes; restlessness
首腦	shou3 nao3	head (of state); summit (meeting); leader
骯髒	ang1 zang1	dirty; filthy; despicable
黑白	hei1 bai2	black and white; right and wrong; monochrome
一輪	yi1 lun2	first round or stage (of a match, election, talks, planned policy etc)
上報	shang4 bao4	to report to one's superiors; to appear in the news; to reply to a letter
下一代	xia4 yi1 dai4	the next generation
不便	bu4 bian4	inconvenient; inappropriate; unsuitable; short of cash
不惜	bu4 xi2	not stint; not spare; not hesitate (to do sth); not scruple (to do sth)
中止	zhong1 zhi3	to cease; to suspend; to break off; to stop; to discontinue
乘坐	cheng2 zuo4	to take (a ship, plane etc); to ride (in a train or other vehicle)
交代	jiao1 dai4	to transfer (duties to sb else); to give instructions; to tell (sb to do sth); t
人造	ren2 zao4	man-made; artificial; synthetic
位居	wei4 ju1	to be located at
佔用	zhan4 yong4	to occupy
侵權	qin1 quan2	to infringe the rights of; to violate; infringement
保全	bao3 quan2	to save from damage; to preserve; to maintain; to keep in good repair; (Tw) secu
倉	cang1	barn; granary; storehouse; cabin; hold (in ship)
假定	jia3 ding4	to assume; to suppose; supposed; so-called; assumption; hypothesis
傘	san3	umbrella; parasol
優異	you1 yi4	exceptional; outstandingly good
兔子	tu4 zi5	hare; rabbit
全美	quan2 Mei3	throughout the United States; the whole of America
公關	gong1 guan1	public relations
凶	xiong1	vicious; fierce; ominous; inauspicious; famine; variant of 兇|凶[xiong1]
分析師	fen1 xi1 shi1	analyst; commentator
前方	qian2 fang1	ahead; the front
勇	yong3	brave
勢必	shi4 bi4	to be bound to; undoubtedly will
區劃	qu1 hua4	subdivision (e.g. of provinces into counties)
卹	xu4	anxiety; sympathy; to sympathize; to give relief; to compensate
反射	fan3 she4	to reflect; reflection (from a mirror etc); reflex (i.e. automatic reaction of o
受益	shou4 yi4	to benefit from; profit
可疑	ke3 yi2	suspicious; dubious
合計	he2 ji4	to add up the total; to figure what sth amounts to; to consider
吶	na4	battle cry
呼	hu1	to call; to cry; to shout; to breath out; to exhale
啟	qi3	to open; to start; to initiate; to enlighten or awaken; to state; to inform
嘴唇	zui3 chun2	lip
國情	guo2 qing2	the characteristics and circumstances particular to a country; current state of 
圓滿	yuan2 man3	satisfactory; consummate; perfect
地鐵站	di4 tie3 zhan4	subway station
基礎設施	ji1 chu3 she4 shi1	infrastructure
墜毀	zhui4 hui3	(of an airplane etc) to fall to the ground and crash
多重	duo1 chong2	multi- (faceted, cultural, ethnic etc)
大神	da4 shen2	deity; (Internet slang) guru; expert; whiz
太平	tai4 ping2	peace and security
奔馳	ben1 chi2	to run quickly; to speed; to gallop
好久	hao3 jiu3	(coll.) a long time
姑姑	gu1 gu5	paternal aunt
子孫	zi3 sun1	offspring; posterity
守衛	shou3 wei4	to guard; to defend
定律	ding4 lu:4	scientific law (e.g. law of conservation of energy); (in human affairs) a genera
害羞	hai4 xiu1	shy; embarrassed; bashful
實名制	shi2 ming2 zhi4	system for identifying users (on a rail network, the Internet etc)
尋	xun2	to search; to look for; to seek
就讀	jiu4 du2	to go to school
島國	dao3 guo2	island nation (sometimes refers specifically to Japan)
帝國主義	di4 guo2 zhu3 yi4	imperialism
幼女	you4 nu:3	young girl
廣義	guang3 yi4	broad sense; general sense
張開	zhang1 kai1	to open up; to spread; to extend
後方	hou4 fang1	the rear; far behind the front line
復習	fu4 xi2	to review; revision
快遞	kuai4 di4	express delivery
恰好	qia4 hao3	as it turns out; by lucky coincidence; (of number, time, size etc) just right
慶	qing4	to celebrate
戒	jie4	to guard against; to exhort; to admonish or warn; to give up or stop doing sth; 
所長	suo3 chang2	what one is good at; one's strong point
打印	da3 yin4	to affix a seal; to stamp; to print out (with a printer)
投產	tou2 chan3	to put into production; to put into operation
拉丁	la1 ding1	Latin; (in former times) to press-gang; to kidnap and force people into service
拼命	pin1 ming4	to do one's utmost; with all one's might; at all costs; (to work or fight) as if
捕捉	bu3 zhuo1	to catch; to seize; to capture
採納	cai3 na4	to accept; to adopt
提早	ti2 zao3	ahead of schedule; sooner than planned; to bring forward (to an earlier time)
搜查	sou1 cha2	to search
撈	lao1	to fish up; to dredge up
擴充	kuo4 chong1	to expand
收養	shou1 yang3	to take in and care for (an elderly person, a dog etc); to adopt (a child); adop
救濟	jiu4 ji4	emergency relief; to help the needy with cash or goods
敵對	di2 dui4	hostile; enemy (factions); combative
新高	xin1 gao1	new high
明亮	ming2 liang4	bright; shining; glittering; to become clear
普通人	pu3 tong1 ren2	ordinary person; private citizen; people; the person in the street
會同	hui4 tong2	to handle sth jointly
服役	fu2 yi4	to serve in the army; in active service
村里	cun1 li3	village; hamlet
桿	gan3	stick; pole; lever; classifier for long objects such as guns
概括	gai4 gua1	to summarize; to generalize; briefly; in broad outline
樞紐	shu1 niu3	hub (e.g. of traffic network); hinge; pivot; fulcrum
機體	ji1 ti3	organism (biology); airframe (aeronautics)
欺詐	qi1 zha4	to cheat
歷時	li4 shi2	to last; to take (time); period; diachronic
比特	bi3 te4	bit (binary digit) (loanword)
水電	shui3 dian4	hydroelectric power; plumbing and electricity
法師	fa3 shi1	one who has mastered the sutras (Buddhism)
派出所	pai4 chu1 suo3	local police station
涌	chong1	(used in place names)
清水	qing1 shui3	fresh water; drinking water; clear water
滋味	zi1 wei4	taste; flavor; feeling
潛水	qian2 shui3	to dive; to go under water; (in an online forum) to lurk
為啥	wei4 sha2	dialectal equivalent of 為什麼|为什么[wei4 shen2 me5]
照明	zhao4 ming2	lighting; illumination; to light up; to illuminate
燦爛	can4 lan4	to glitter; brilliant; splendid
特工	te4 gong1	secret service; special service; secret service agent; special agent
獲悉	huo4 xi1	to learn of sth; to find out; to get news
理財	li3 cai2	to manage wealth; to manage finances; money management
產權	chan3 quan2	property right
疏散	shu1 san4	idle; leisurely; laid-back
發給	fa1 gei3	to issue; to grant; to distribute
盛行	sheng4 xing2	to be in vogue; to be popular; to be prevalent
相片	xiang4 pian4	image; photograph
知曉	zhi1 xiao3	to know; to understand
礦產	kuang4 chan3	minerals
票房	piao4 fang2	box office
科普	ke1 pu3	popularization of science (abbr. for 科學普及|科学普及[ke1 xue2 pu3 ji2]); (attributive)
窗	chuang1	window
第一步	di4 yi1 bu4	step one; first step
簡易	jian3 yi4	simple and easy; simplistic; simplicity
紀委	ji4 wei3	discipline inspection commission
組長	zu3 zhang3	group leader
網球	wang3 qiu2	tennis; tennis ball
縣長	xian4 zhang3	county's head commissioner
繪製	hui4 zhi4	to draw; to draft (a map, blueprint, diagram, illustration etc)
美學	mei3 xue2	aesthetics
老爸	lao3 ba4	father; dad
聯軍	lian2 jun1	allied armies
膚色	fu1 se4	skin color
自有	zi4 you3	(I, they etc) of course have (a plan, a way etc); one's own (apartment, brand et
航母	hang2 mu3	aircraft carrier (abbr. for 航空母艦|航空母舰[hang2 kong1 mu3 jian4])
莊園	zhuang1 yuan2	manor; feudal land; villa and park
葬禮	zang4 li3	burial; funeral
血管	xie3 guan3	vein; artery
裙子	qun2 zi5	skirt
要死	yao4 si3	extremely; awfully
解脫	jie3 tuo1	to untie; to free; to absolve of; to get free of; to extirpate oneself; (Buddhis
許可證	xu3 ke3 zheng4	license; authorization; permit
說好	shuo1 hao3	to come to an agreement; to complete negotiations
警員	jing3 yuan2	police officer; policeman (general term for any police officer); police constabl
讚賞	zan4 shang3	to admire; to praise; to appreciate
買下	mai3 xia4	to purchase (sth expensive, e.g. a house); to acquire (a company, a copyright et
贈送	zeng4 song4	to present as a gift
路口	lu4 kou3	crossing; intersection (of roads)
軍艦	jun1 jian4	warship; military naval vessel
轟炸機	hong1 zha4 ji1	bomber (aircraft)
迫切	po4 qie4	urgent; pressing
通話	tong1 hua4	to hold a conversation; to talk over the telephone; phone call
過敏	guo4 min3	(medicine) allergic; hypersensitive; (fig.) oversensitive; prone to overreact
避	bi4	to avoid; to shun; to flee; to escape; to keep away from; to leave; to hide from
里程	li3 cheng2	mileage (distance traveled); course (of development)
長篇	chang2 pian1	lengthy (report or speech)
闖	chuang3	to rush; to charge; to dash; to break through; to temper oneself (through battli
陣地	zhen4 di4	(military) position; front
隆	long2	sound of drums
離去	li2 qu4	to leave; to exit
青睞	qing1 lai4	(literary) (lit.) to fix one's gaze on; (fig.) to show interest in; (favorable) 
預訂	yu4 ding4	to place an order; to book ahead
顛覆	dian1 fu4	to topple (i.e. knock over); to capsize; fig. to overturn (a regime, by plotting
飛船	fei1 chuan2	spaceship; spacecraft; dirigible; airship
饒	rao2	rich; abundant; exuberant; to add for free; to throw in as bonus; to spare; to f
驚奇	jing1 qi2	to be amazed; to be surprised; to wonder
高出	gao1 chu1	to be higher (than the stated amount) by ...
魔術	mo2 shu4	magic
點兒	dian3 r5	erhua variant of 點|点[dian3]
下課	xia4 ke4	to finish class; to get out of class; (fig.) (esp. of a sports coach) to be dism
付現	fu4 xian4	to pay in cash
傳統市場		
功課	gong1 ke4	homework; assignment; task; classwork; lesson; study
台灣		
報案	bao4 an4	to report a case to the authorities
太強了		
室友	shi4 you3	roommate
弄丟	nong4 diu1	to lose
懶得	lan3 de5	to not feel like (doing sth); to be disinclined to
招呼	zhao1 hu5	to call out to; to greet; to say hello to; to inform; to take care of; to take c
搞定	gao3 ding4	to fix; to settle; to wangle
早知道		
棵	ke1	classifier for trees, cabbages, plants etc
流利	liu2 li4	fluent
滿座	man3 zuo4	fully booked; every seat taken
牛排	niu2 pai2	steak
瓶子	ping2 zi5	bottle
等不及	deng3 bu4 ji2	can't wait
繁體	fan2 ti3	traditional form of Chinese, as opposed to simplified form 簡體|简体[jian3 ti3]
腰帶	yao1 dai4	belt
行事曆	xing2 shi4 li4	calendar; schedule
訂位	ding4 wei4	to reserve a seat; to book a table; reservation
護理師	hu4 li3 shi1	nurse
跑步	pao3 bu4	to run; to jog; (military) to march at the double
還要		
開心得不得了		
電量	dian4 liang4	quantity of electric charge
瞭解		
三個		
個月		
站起來	zhan4 qi3 lai5	to stand up
有幫助	you3 bang1 zhu4	helpful
驗	yan4	to examine; to test; to check
拜拜	bai4 bai5	(loanword) bye-bye; also pr. [bai1 bai1] etc; (coll.) to part ways (with sb); (f
帽	mao4	hat; cap
拉麵	la1 mian4	pulled noodles; ramen
倒楣		
手搖飲		
